POLY_ID,MUNIC_RES,Localidade,txsuav10k,IPDM,ind_env%,tx_alf_5564,tx_alf_ac65,e2sfca_densito,tx_remedio10k,tx_consultas10k,ativcolet,cob_esf,tx_apac_densito10k,tx_cob_plano
1,410010,ABATIA,24.8735274709688,0.694,0.7803,0.8279,0.687,0.466358006000519,4.23513467728274,0.0,0.0,1.0,1.6940538709131,6.7
2,410020,ADRIANOPOLIS,21.5490483371502,0.648,0.6382,0.8435,0.6376,0.0200309995561838,13.2725744370216,0.0,0.0,1.0,0.0,1.3
3,410030,AGUDOS DO SUL,15.0992248892803,0.6372,0.5215,0.9042,0.8212,0.0678282976150513,24.9678984163219,3.56684263090312,0.0,1.0,30.3181623626766,4.0
4,410040,ALMIRANTE TAMANDARE,19.2404595669804,0.6289,0.316,0.9281,0.8257,0.249556005001068,28.2654388950055,4.68421579421479,0.0,0.4232,27.8250425382845,11.0
5,410045,ALTAMIRA DO PARANA,20.4881636660707,0.7467,0.7278,0.8577,0.6728,0.0375912003219128,0.0,0.0,0.0,1.0,201.23254936486,5.5
6,410050,ALTONIA,34.374482992588,0.7581,0.9256,0.914,0.7761,0.112958997488022,15.2022348790444,0.0,0.0,0.9513,63.2172143485014,2.6
7,410060,ALTO PARANA,27.1506327928877,0.6819,0.6314,0.8796,0.7626,0.552919983863831,87.2936925231937,23.9550132970625,1.5,0.9469,20.3008587263241,10.5
8,410070,ALTO PIQUIRI,25.7658356696111,0.7071,0.683,0.825,0.6483,0.194655999541283,49.4238435912839,19.3872535634318,0.0,1.0,54.611981868822,3.2
9,410080,ALVORADA DO SUL,28.8669510069095,0.6939,0.9673,0.9102,0.768,0.0552732013165951,9.50636462704908,6.95587655637738,153.8,1.0,10.4338148345661,12.5
10,410090,AMAPORA,26.4910797241235,0.7062,0.4964,0.8643,0.6341,0.285843998193741,45.9770114942529,38.0952380952381,1.66666666666667,1.0,32.8407224958949,4.0
11,410100,AMPERE,29.2115303461294,0.7901,0.5535,0.9095,0.8091,0.266274988651276,15.6534902122682,0.0,0.0,0.9579,47.3045033887226,3.3
12,410105,ANAHY,21.62215988055,0.7475,0.8315,0.8743,0.7252,0.265480995178223,83.1324299609277,37.4095934824175,0.0,1.0,0.0,6.8
13,410110,ANDIRA,22.2832922415638,0.7193,0.8877,0.8946,0.7545,0.943594992160797,0.0,0.0,0.0,1.0,1.23946455131383,10.6
14,410115,ANGULO,20.2829469623989,0.749,0.66,0.9119,0.7378,0.392567008733749,0.0,0.0,151.0,1.0,0.0,11.9
15,410120,ANTONINA,21.0018057562629,0.5896,0.7234,0.9269,0.862,0.0674844980239868,25.0447227191413,5.96302921884317,0.0,1.0,42.2182468694097,8.3
16,410130,ANTONIO OLINTO,23.4700605825184,0.7128,0.8099,0.9187,0.8099,0.0228809993714094,30.7658499066037,0.0,0.0,0.9417,97.0589312529759,1.2
17,410140,APUCARANA,26.452883198063,0.7784,0.6555,0.9413,0.8346,0.367532014846802,18.0505415162455,1.11315310438757,6.35616438356164,1.0,15.2785720210059,13.8
18,410150,ARAPONGAS,29.6480095688374,0.7831,0.6049,0.945,0.8533,0.409034997224808,12.1666519349656,1.16987037836208,37.8666666666667,0.8514,5.19942390383146,16.9
19,410160,ARAPOTI,25.7617829981035,0.7549,0.4532,0.9093,0.7761,0.0065787900239229,21.7458838148493,4.72736604670638,0.0,0.8498,1.35067601334468,8.6
20,410165,ARAPUA,33.0632287600058,0.7276,0.9187,0.8267,0.6814,0.155036002397537,39.4477317554241,0.0,835.0,1.0,3.40066653064001,2.7
21,410170,ARARUNA,29.5802621930326,0.7756,0.6815,0.8901,0.7905,0.380102008581161,33.2060765131631,9.3454227312495,0.0,1.0,163.047800843076,6.1
22,410180,ARAUCARIA,17.8700099327463,0.8048,0.3567,0.9483,0.8591,0.219887003302574,130.615520423722,5.5533263783003,31.0486486486486,0.667,75.1143567931948,13.7
23,410185,ARIRANHA DO IVAI,28.9433669179066,0.7732,0.9461,0.8169,0.5855,0.211036995053291,62.0860927152318,0.0,0.0,1.0,25.8692052980132,1.7
24,410190,ASSAI,18.9946823777762,0.7491,0.9611,0.9122,0.8179,0.134464994072914,40.0945656688285,9.58435832720999,0.0,1.0,16.7726270726175,25.5
25,410200,ASSIS CHATEAUBRIAND,18.9099958962768,0.7498,0.7827,0.9222,0.8125,0.205744996666908,114.772877472794,29.2990263030356,78.6538461538462,1.0,1.83577859041577,15.4
26,410210,ASTORGA,23.7941112480086,0.7677,0.8094,0.9417,0.8428,0.304558008909225,22.0283386400146,0.961936185153477,25.6379310344828,1.0,1.44290427773022,16.2
27,410220,ATALAIA,25.3916896966438,0.7362,1.0606,0.9425,0.8272,0.39308500289917,130.745778611632,70.3564727954972,39.1408450704225,1.0,0.0,32.8
28,410230,BALSA NOVA,20.3212167903359,0.7029,0.5138,0.9531,0.8604,0.199165001511574,17.9073931951906,0.0,0.0,1.0,25.5819902788437,6.3
29,410240,BANDEIRANTES,22.3738516396603,0.7465,0.7987,0.9126,0.8061,0.584102988243103,14.6644767714688,0.418985050613394,0.0,0.7816,2.09492525306697,14.1
30,410250,BARBOSA FERRAZ,29.8660300306564,0.7203,0.9607,0.8269,0.6426,0.127893999218941,24.0236662894355,1.98542696606905,5.33333333333333,1.0,140.965314590903,8.5
31,410260,BARRACAO,17.585039638736,0.7514,0.5677,0.8992,0.8046,0.0651651993393898,14.3102461362335,14.3102461362335,0.0,1.0,2.86204922724671,6.5
32,410270,BARRA DO JACARE,26.8456602916749,0.6825,1.0294,0.9098,0.7739,1.09240996837616,46.2499036460341,0.0,0.0,1.0,53.9582209203731,4.9
33,410275,BELA VISTA DA CAROBA,29.1954128119744,0.6986,0.7832,0.8773,0.764,0.0896470993757248,0.0,0.0,5.81818181818182,1.0,25.8264462809917,0.3
34,410280,BELA VISTA DO PARAISO,26.8552863776623,0.7065,0.8769,0.8881,0.7838,0.146601006388664,24.4786944696283,3.7775763070414,31.6268656716418,1.0,12.0882441825325,22.4
35,410290,BITURUNA,19.3442782964021,0.7252,0.4489,0.8972,0.8045,0.198588997125626,70.8040296521574,27.7988975479947,0.0,1.0,142.558448964075,3.8
36,410300,BOA ESPERANCA,28.2308533594239,0.7852,0.8093,0.8486,0.6651,0.163757994771004,31.7405355493998,0.0,0.0,1.0,294.321329639889,18.2
37,410302,BOA ESPERANCA DO IGUACU,30.7078110863444,0.7731,0.6806,0.8794,0.7117,0.426162987947464,47.0405366711662,0.0,0.0,1.0,12.2714443489999,0.5
38,410304,BOA VENTURA DE SAO ROQUE,23.3134389268875,0.7278,0.4955,0.8284,0.6992,0.650704979896545,116.293082670523,0.0,0.0,1.0,123.5237406604,3.9
39,410305,BOA VISTA DA APARECIDA,22.6585478575327,0.7393,0.6746,0.8298,0.7086,0.187444001436234,31.9963055812112,21.1109645071909,12.5789473684211,0.8093,3.29858820424858,2.3
40,410310,BOCAIUVA DO SUL,18.936988419684,0.6217,0.4614,0.9242,0.7974,0.211720004677773,18.4621065263547,0.0,0.0,1.0,35.3857041755131,6.4
41,410315,BOM JESUS DO SUL,29.2190423954748,0.742,0.7634,0.8727,0.7113,0.0946998968720436,30.0111260760087,27.0832113368859,56.1836734693878,1.0,64.4141242607015,0.1
42,410320,BOM SUCESSO,29.7152685742059,0.7258,0.5951,0.8802,0.7072,0.246349006891251,19.4695385163099,24.4759912776467,19.8333333333333,1.0,0.0,4.9
43,410322,BOM SUCESSO DO SUL,26.5444652450528,0.754,0.7958,0.9097,0.8371,0.764041006565094,53.8141993957704,49.0936555891239,4.84210526315789,1.0,200.151057401813,3.6
44,410330,BORRAZOPOLIS,35.4004060890055,0.7396,0.9907,0.8947,0.7623,0.102109000086784,17.8890876565295,0.0,0.0,1.0,0.0,4.9
45,410335,BRAGANEY,23.6817234168996,0.7652,0.8227,0.8391,0.7028,0.278373003005981,26.7925491196734,0.0,0.0,1.0,0.0,12.4
46,410337,BRASILANDIA DO SUL,30.9773940075701,0.657,0.6592,0.812,0.6674,0.135175004601479,60.9811184388834,0.0,0.0,1.0,58.7225584967025,1.3
47,410340,CAFEARA,24.4765105904413,0.7662,0.7162,0.8174,0.625,0.224292993545532,16.1934578430314,35.0858253265681,0.0,1.0,21.5912771240419,5.2
48,410345,CAFELANDIA,20.7965370749981,0.8229,0.3982,0.9143,0.786,0.273521989583969,36.1753600578806,13.791856022067,6.25,1.0,0.0,18.0
49,410347,CAFEZAL DO SUL,36.3913150130127,0.7227,0.8905,0.8144,0.6634,0.232288002967834,30.6365596278225,0.0,10.8,1.0,116.305457846363,1.1
50,410350,CALIFORNIA,28.2736307627591,0.7365,0.6626,0.8872,0.7384,0.240452006459236,26.9524481807097,0.0,40.8684210526316,0.8504,1.60431239170891,5.7
51,410360,CAMBARA,29.0804291709219,0.7094,0.7772,0.931,0.8409,1.22528004646301,8.60115800956616,0.0,5.92857142857143,0.7547,27.7964252748175,11.3
52,410370,CAMBE,23.8665400571436,0.7629,0.6596,0.947,0.8208,0.338730007410049,28.3898650147565,1.3338462791305,59.1219512195122,1.0,86.348995964764,17.4
53,410380,CAMBIRA,28.7677358490617,0.8152,0.6809,0.8929,0.777,0.401124000549316,21.6695559407921,0.0,3.0,1.0,1.66688891852247,8.2
54,410390,CAMPINA DA LAGOA,28.4093753627834,0.7105,0.6858,0.8776,0.757,0.133607998490334,11.6234017822549,7.48476629917932,0.0,1.0,110.07009263499,11.1
55,410395,CAMPINA DO SIMAO,20.0393830128955,0.6895,0.4982,0.8891,0.7663,0.463220000267029,109.596610793885,6.90734941978265,6.15384615384615,0.5651,170.381285687972,0.7
56,410400,CAMPINA GRANDE DO SUL,20.458427630747,0.7168,0.3818,0.9329,0.8362,0.221402004361153,18.5143967139475,0.0,3.0,1.0,24.7870338520062,8.5
57,410405,CAMPO BONITO,22.0004582447275,0.7692,0.6585,0.8205,0.6732,0.125797003507614,38.7987894777683,11.6396368433305,0.0,1.0,0.0,3.1
58,410410,CAMPO DO TENENTE,19.9166731209429,0.6694,0.3894,0.912,0.8555,0.0310557000339031,52.7789745799224,2.69280482550625,0.0,0.7407,35.0064627315812,2.9
59,410420,CAMPO LARGO,20.7609705882925,0.759,0.505,0.9522,0.8764,0.265459001064301,31.8107378913015,0.981812897879677,0.0,0.9528,5.59633351791416,14.0
60,410425,CAMPO MAGRO,19.3450693120461,0.6971,0.4046,0.9235,0.8178,0.248784005641937,21.2201591511936,0.0,475.731707317073,0.774,18.4202770409667,10.9
61,410430,CAMPO MOURAO,28.6422171170239,0.8159,0.5752,0.9285,0.8177,0.35445699095726,12.8546597315392,0.908748438604955,20.2156862745098,1.0,390.927055588968,19.2
62,410440,CANDIDO DE ABREU,26.624095017374,0.5996,0.6482,0.8146,0.6467,0.105435997247696,0.0,0.0,0.0,1.0,6.96503552168116,1.8
63,410442,CANDOI,18.6787262699124,0.7287,0.4482,0.8726,0.7306,0.433750003576279,12.2543012597422,0.0,0.0,1.0,84.554678692221,2.6
64,410445,CANTAGALO,20.9331472975582,0.6767,0.5582,0.8489,0.7684,0.225122004747391,11.8296529968454,0.0,340.0,1.0,89.3796004206099,1.3
65,410450,CAPANEMA,31.6073462664371,0.7832,0.7719,0.9242,0.8683,0.112115003168583,19.1917826733342,4.05460197323963,1.86666666666667,1.0,15.5426408974186,4.9
66,410460,CAPITAO LEONIDAS MARQUES,22.8662758578355,0.7655,0.6932,0.8876,0.7591,0.263094007968903,18.397200035897,14.6579317359179,0.0,0.7236,0.0,5.5
67,410465,CARAMBEI,27.0302911505285,0.7893,0.3174,0.9388,0.8254,0.20354500412941,10.6159444163793,0.0,0.0,0.7329,1.098201146522,13.4
68,410470,CARLOPOLIS,31.2425768166975,0.6997,0.6523,0.9049,0.8051,0.526363015174866,10.8074725953373,0.0,16.0,0.7483,11.5794349235757,5.4
69,410480,CASCAVEL,21.3158831437819,0.8266,0.4774,0.9451,0.8583,0.490065008401871,54.0763888261698,33.6086449969744,22.8888888888889,1.0,2.82235849823433,24.5
70,410490,CASTRO,31.5184534522609,0.7606,0.4092,0.9118,0.7906,0.147384002804756,12.0208435836651,3.07509952140269,26.7560975609756,0.9219,3.91376302723979,9.8
71,410500,CATANDUVAS,22.2197371121318,0.711,0.5768,0.8571,0.7238,0.187648996710777,40.5396640072647,38.377548593544,1.0,0.9706,0.0,4.8
72,410510,CENTENARIO DO SUL,28.3953352484924,0.7776,0.7704,0.8587,0.7222,0.17502099275589,16.3920229612035,11.1342042755344,4.0,0.9838,28.4540775930325,9.3
73,410520,CERRO AZUL,25.9203250394589,0.5883,0.5307,0.7677,0.5679,0.0326475985348225,4.99091653191192,0.0,0.0,1.0,3.99273322552954,1.8
74,410530,CEU AZUL,21.0105385886656,0.7877,0.7684,0.9279,0.8415,0.648549020290375,36.6565378864612,23.1514976125018,19.4761904761905,1.0,6.02903583658901,13.4
75,410540,CHOPINZINHO,21.4775409787429,0.7717,0.6029,0.9093,0.8077,0.682951986789703,59.0903837263061,21.6712898751734,85.4,0.8317,46.954461396209,5.8
76,410550,CIANORTE,30.0898245790657,0.8199,0.6319,0.9505,0.8298,0.532362997531891,66.6258669930641,3.41697266421869,3.75,1.0,737.250101999184,14.4
77,410560,CIDADE GAUCHA,25.8863230662591,0.7535,0.5455,0.8838,0.7044,0.171330004930496,21.9864526028218,0.0,27.0,1.0,102.447513191872,11.9
78,410570,CLEVELANDIA,23.0687483559894,0.6628,0.558,0.8687,0.7716,0.337624996900558,18.6219739292365,10.820107176009,64.8181818181818,0.8982,27.335007602549,12.1
79,410580,COLOMBO,19.2044212452647,0.7138,0.3859,0.9452,0.8499,0.25559800863266,24.8347634127433,0.882262948147342,8.1,0.8737,42.1421344381017,13.3
80,410590,COLORADO,25.1580752574844,0.7502,0.8271,0.9295,0.7731,0.319348990917206,53.5681762178725,0.0,38.7529411764706,1.0,0.535681762178725,42.6
81,410600,CONGONHINHAS,21.5938749514101,0.6584,0.6823,0.8197,0.6707,0.0942637994885445,30.3864780172823,0.0,0.0,0.9061,6.33051625360048,2.0
82,410610,CONSELHEIRO MAIRINCK,32.9565331417212,0.6996,0.7636,0.8817,0.7579,0.284936010837555,32.8596802841918,0.0,0.0,0.7517,31.9715808170515,3.2
83,410620,CONTENDA,19.8136215032216,0.6833,0.5169,0.9582,0.898,0.166133999824524,38.4690490138645,0.0,0.0,1.0,86.8970904120289,5.5
84,410630,CORBELIA,21.0877707057086,0.7389,0.6356,0.9009,0.8135,0.405476987361908,11.1046571223562,9.56708921310691,3.0,0.8778,0.854204394027403,16.6
85,410640,CORNELIO PROCOPIO,21.5948870456767,0.7545,0.9807,0.937,0.8426,0.233933001756668,19.4620038320535,0.0,6.0,1.0,2.01157662346806,20.5
86,410645,CORONEL DOMINGOS SOARES,17.8714442907067,0.6864,0.3836,0.8193,0.6562,0.107012003660202,29.9277605779154,0.0,1.0,1.0,12.3839009287926,1.0
87,410650,CORONEL VIVIDA,22.812213745283,0.7614,0.6921,0.9401,0.8533,0.74208801984787,34.0441221655503,9.37135131813433,43.8484848484849,1.0,9.83223744853438,17.9
88,410655,CORUMBATAI DO SUL,27.8518016945353,0.6918,0.8704,0.7956,0.6464,0.174704998731613,20.0193127487694,23.5521326456111,0.0,1.0,967.992651734615,0.9
89,410657,CRUZEIRO DO IGUACU,29.8505064803082,0.743,0.6732,0.8752,0.7427,0.452389001846313,0.0,0.0,0.0,1.0,10.0731985763213,3.1
90,410660,CRUZEIRO DO OESTE,33.5639781263805,0.7471,0.6965,0.8626,0.7413,0.415372997522354,43.4253951710961,14.3924166852776,32.5565217391304,1.0,37.8421300776694,6.6
91,410670,CRUZEIRO DO SUL,23.4959296963627,0.6603,0.7582,0.879,0.7388,0.371170997619629,146.151948692649,0.0,0.0,0.9351,9.2501233349778,24.7
92,410680,CRUZ MACHADO,30.1232007711459,0.6737,0.6498,0.9542,0.864,0.386081993579865,24.5359606662347,9.76674162442352,9.0,1.0,41.9255250219156,1.5
93,410685,CRUZMALTINA,29.4765271035266,0.7546,0.8352,0.7975,0.6364,0.0748457014560699,0.0,0.0,0.0,0.5237,0.0,2.8
94,410690,CURITIBA,19.6565879348076,0.884,0.7784,0.9795,0.9505,0.274812996387482,62.0645675138124,4.98464086717209,15.1524804177546,1.0,69.1474202382129,46.0
95,410700,CURIUVA,29.3821679793322,0.6485,0.6162,0.8253,0.6653,0.0025550699792802,32.1662211210363,0.0,0.0,1.0,3.26008997848341,2.8
96,410710,DIAMANTE DO NORTE,28.6528818849038,0.7602,1.017,0.8968,0.7434,0.0669199004769325,85.6836843984291,0.0,0.0,1.0,15.6194216351303,6.3
97,410712,DIAMANTE DO SUL,18.0462146793844,0.6856,0.6399,0.7863,0.5553,0.01534069981426,0.0,32.5309043591412,3.0,0.999,0.0,1.1
98,410715,DIAMANTE D'OESTE,18.2093505769866,0.6758,0.622,0.8214,0.6778,0.336934000253677,0.0,0.0,0.0,0.9672,0.0,2.4
99,410720,DOIS VIZINHOS,30.9057885632544,0.8389,0.5093,0.9333,0.8344,0.595402002334595,25.1669407066877,0.0,5.0,1.0,52.0116774604879,10.7
100,410725,DOURADINA,35.56582943898,0.8274,0.6363,0.905,0.7517,0.0841957032680511,0.0,0.0,0.0,1.0,69.3709153309723,7.5
101,410730,DOUTOR CAMARGO,18.7512637661047,0.7371,1.0336,0.9329,0.8394,0.583806991577148,87.5787674890527,19.5806187475524,1.0,1.0,0.0,31.8
102,410740,ENEAS MARQUES,29.7882902252728,0.7266,0.7376,0.9113,0.7909,0.586323022842407,174.856234513067,25.7141521342746,11.5,1.0,105.194258731123,3.1
103,410750,ENGENHEIRO BELTRAO,31.4978467915984,0.7572,0.9051,0.8734,0.7488,0.451207011938095,18.3712158226982,10.7491156409404,72.8,1.0,347.880469834073,13.6
104,410752,ESPERANCA NOVA,34.0420004226063,0.7682,1.1182,0.9206,0.7114,0.0711266994476318,6.11396429444852,0.0,0.0,1.0,158.963071655662,1.3
105,410753,ENTRE RIOS DO OESTE,18.2311228358329,0.7313,0.6598,0.949,0.9155,0.248275995254517,0.0,0.0,6.0,1.0,0.0,22.2
106,410754,ESPIGAO ALTO DO IGUACU,18.9381284627918,0.6859,0.5454,0.8105,0.6822,0.0343535989522934,40.6454743994176,0.0,0.0,1.0,3.03324435816549,1.8
107,410755,FAROL,30.589191033051,0.7076,0.7724,0.7842,0.6102,0.245233997702599,0.0,0.0,0.0,0.6617,448.645352382612,5.4
108,410760,FAXINAL,26.2319232911952,0.7213,0.6057,0.8447,0.7046,0.0781871974468231,14.351751414315,0.0,0.0,1.0,1.66880830399012,7.5
109,410765,FAZENDA RIO GRANDE,19.2168052593639,0.7429,0.2211,0.9398,0.8292,0.210883006453514,31.9116551021908,8.60774907361725,0.0,1.0,51.6989807165426,7.7
110,410770,FENIX,32.7199001340212,0.7179,0.9403,0.8981,0.6973,0.122201003134251,50.2002941027331,25.3536838902693,3.75,1.0,187.617260787993,8.7
111,410773,FERNANDES PINHEIRO,21.0523864240477,0.7447,0.5097,0.8601,0.7809,0.446314990520477,78.3809829746225,76.4535817539351,33.3453237410072,1.0,0.0,1.0
112,410775,FIGUEIRA,45.2368118675465,0.7301,0.8097,0.827,0.6704,0.0,22.9268922758977,0.0,0.0,1.0,11.3019891500904,6.7
113,410780,FLORAI,20.9007335106397,0.7868,1.219,0.9313,0.8246,0.488025009632111,60.0150037509377,0.0,2.0,1.0,0.0,30.7
114,410785,FLOR DA SERRA DO SUL,28.8241895596061,0.7303,0.679,0.8727,0.7399,0.398227989673615,26.9396551724138,0.0,13.3157894736842,1.0,41.9061302681992,1.3
115,410790,FLORESTA,18.8667927955942,0.7657,0.4723,0.9132,0.7755,0.537770986557007,41.9972001866542,22.2712425232257,51.6,1.0,0.0,38.9
116,410800,FLORESTOPOLIS,30.1791987891408,0.735,0.6034,0.8739,0.6899,0.0794529020786285,23.0285494966195,0.0,19.7,1.0,17.7142688435535,7.1
117,410810,FLORIDA,31.2604645741972,0.7262,0.7062,0.9073,0.73,0.364522010087967,126.607717041801,0.0,3.5,0.9964,0.0,12.2
118,410820,FORMOSA DO OESTE,19.8469394685592,0.7871,1.0456,0.9304,0.7976,0.088577002286911,67.8147586329972,43.4252401772702,0.0,1.0,0.0,5.5
119,410830,FOZ DO IGUACU,25.0398892722189,0.7686,0.4261,0.9302,0.8418,0.958446979522705,32.1061704623232,2.25779792282591,1.515625,0.9618,131.207879288751,22.7
120,410832,FRANCISCO ALVES,33.1519278941592,0.6437,0.6248,0.8637,0.6885,0.253001987934113,91.6549634119299,0.0,0.0,1.0,136.743292187154,2.3
121,410840,FRANCISCO BELTRAO,30.3868722989075,0.8106,0.5316,0.9387,0.8449,0.719631016254425,36.2329757743763,3.10729781848861,51.5,0.766,52.9182234542606,13.2
122,410845,FOZ DO JORDAO,16.5935171653517,0.6695,0.5121,0.8603,0.7446,0.356554001569748,41.8229016440727,0.0,0.0,1.0,100.951831554658,2.5
123,410850,GENERAL CARNEIRO,16.867348993219,0.6868,0.4375,0.8555,0.7714,0.294465988874435,18.367054096714,0.0,22.0,0.8486,57.3970440522313,4.2
124,410855,GODOY MOREIRA,36.5674165534785,0.691,1.0728,0.7879,0.6,0.0683403983712196,0.0,0.0,0.0,1.0,0.0,0.4
125,410860,GOIOERE,22.0889205696107,0.7518,0.7297,0.8931,0.762,0.130190998315811,40.8745333490776,2.72496888993851,0.0,1.0,293.388317150046,9.8
126,410865,GOIOXIM,21.5136372662443,0.695,0.483,0.8545,0.7145,0.170809000730515,99.4975374359485,0.0,1.0,1.0,44.7738918461768,0.6
127,410870,GRANDES RIOS,27.6496791955962,0.6841,0.8037,0.7895,0.6581,0.0070326100103557,0.0,0.0,0.0,1.0,0.0,3.3
128,410880,GUAIRA,31.5599689789102,0.7288,0.535,0.8983,0.7775,0.372444987297058,57.4067964368195,15.3650374699533,98.75,1.0,0.47132016778998,12.7
129,410890,GUAIRACA,30.5934783185058,0.6946,0.5745,0.831,0.6573,0.29364201426506,3.32623736029803,0.0,0.0,1.0,19.9574241617882,5.0
130,410895,GUAMIRANGA,21.0672989900203,0.7377,0.5207,0.9266,0.8301,0.60317200422287,22.7399493714335,23.5980606684687,57.75,1.0,0.0,1.6
131,410900,GUAPIRAMA,28.0346180041764,0.7479,0.5322,0.8663,0.7115,0.524716019630432,0.0,0.0,1.0,1.0,19.0796000915821,4.9
132,410910,GUAPOREMA,24.5747873550113,0.733,0.8284,0.8562,0.6505,0.276737004518509,151.393200720555,68.9893066574681,0.0,1.0,396.688513280441,3.1
133,410920,GUARACI,29.4585757519056,0.623,0.8537,0.8943,0.7312,0.265646994113922,12.4769177022508,24.9538354045017,0.0,0.6357,14.972301242701,10.3
134,410930,GUARANIACU,20.6760470709286,0.7382,0.7566,0.8818,0.7722,0.0768555998802185,28.7120590648072,11.2797374897457,0.0,1.0,3.07629204265792,6.8
135,410940,GUARAPUAVA,19.9721579002341,0.7848,0.4558,0.9319,0.8573,0.884103000164032,55.9057805631289,6.66181423407641,7.15730337078652,1.0,95.1981478511537,14.0
136,410950,GUARAQUECABA,19.4594750667504,0.579,0.5375,0.8676,0.707,0.0,0.0,0.0,0.0,1.0,0.0,1.8
137,410960,GUARATUBA,19.292009723678,0.6883,0.6234,0.9498,0.9089,0.0,16.6462861425585,0.0,2.0,1.0,36.2904816378052,12.7
138,410965,HONORIO SERPA,23.4218008663917,0.7268,0.5985,0.8641,0.756,0.407422006130219,34.5034503450345,19.5019501950195,31.4,1.0,24.002400240024,4.6
139,410970,IBAITI,38.7182966696035,0.7211,0.6408,0.8589,0.714,0.0789130032062531,6.29345784905852,5.07536923311171,1.5,0.8966,22.8391615490027,5.5
140,410975,IBEMA,23.4775321729041,0.7455,0.5459,0.8146,0.6259,0.12780599296093,43.3241433635289,18.8722594197191,0.0,1.0,4.92319810949193,2.0
141,410980,IBIPORA,21.5303681470707,0.7714,0.6799,0.9239,0.8209,0.236636996269226,8.60208159688829,3.47289008570024,78.4642857142857,1.0,20.8373405142015,18.9
142,410990,ICARAIMA,34.3194162446615,0.6951,0.7934,0.8908,0.7018,0.0460378006100655,74.8433511255512,0.0,3.33333333333333,1.0,59.4685541889069,3.4
143,411000,IGUARACU,22.52294318227,0.7876,0.5571,0.9164,0.7529,0.440526992082596,53.7575625045557,53.7575625045557,0.0,1.0,0.0,17.0
144,411005,IGUATU,24.7266515575208,0.7102,0.9568,0.8505,0.6988,0.228183001279831,89.9567296743339,92.2341152357094,3.0,0.9118,5.69346390343885,6.9
145,411007,IMBAU,21.1928525039577,0.6345,0.4081,0.8295,0.6442,0.0176173001527786,20.3325501536237,15.0611482619435,0.0,1.0,9.03668895716609,1.2
146,411010,IMBITUVA,19.39643148783,0.7521,0.4127,0.9177,0.8436,0.517777025699615,62.929061784897,55.9369438087974,10.5,1.0,1.906941266209,4.5
147,411020,INACIO MARTINS,22.3935630856492,0.6514,0.458,0.8834,0.7505,0.570994973182678,47.7272727272727,22.7272727272727,0.0,1.0,0.0,1.9
148,411030,INAJA,24.8676582704177,0.7666,0.825,0.8481,0.6843,0.256415009498596,131.995298797577,0.0,0.0,1.0,45.203869451225,4.9
149,411040,INDIANOPOLIS,30.1956191415613,0.74,0.8177,0.9237,0.744,0.384696006774902,80.9105129726522,21.5761367927073,10.4193548387097,1.0,347.915205782405,5.5
150,411050,IPIRANGA,26.1970329972446,0.6612,0.4548,0.9062,0.8392,0.313616007566452,28.4449215081175,0.0,13.0,1.0,6.70870790285791,5.7
151,411060,IPORA,37.5813744626025,0.7126,0.7731,0.8966,0.7686,0.216251000761986,26.7029258543298,9.8292978604895,5.33333333333333,0.4606,83.5490318141608,5.3
152,411065,IRACEMA DO OESTE,17.8493539212981,0.7384,0.7556,0.838,0.683,0.155815005302429,62.3644251626898,62.3644251626898,1.0,1.0,0.0,2.0
153,411070,IRATI,24.6479862043335,0.7696,0.6097,0.9614,0.8963,0.537184000015259,156.90803609798,155.081650193382,33.037037037037,1.0,1.34293081220456,7.9
154,411080,IRETAMA,38.3038714825373,0.7429,0.7054,0.8019,0.6345,0.286760985851288,23.0773219934657,0.0,2.65217391304348,0.9367,167.245760514443,2.5
155,411090,ITAGUAJE,21.6028664294277,0.7225,0.6388,0.9393,0.8659,0.16653299331665,0.0,0.0,0.0,1.0,0.0,6.7
156,411095,ITAIPULANDIA,22.6246335792068,0.8323,0.4927,0.8582,0.789,0.515514016151428,251.772575250836,106.488294314381,47.4791666666667,1.0,343.8127090301,1.7
157,411100,ITAMBARACA,21.2278088441566,0.6998,0.9211,0.8252,0.6871,0.591054022312164,18.0818747287719,0.0,0.0,1.0,1.80818747287719,9.7
158,411110,ITAMBE,24.9657316289337,0.7207,0.894,0.9246,0.7486,0.38086399435997,119.836013875749,27.0306798215975,184.470588235294,0.7315,0.0,28.8
159,411120,ITAPEJARA D'OESTE,25.5077396558418,0.7761,0.6256,0.9122,0.8412,0.846238970756531,18.6684712855576,8.16745618743145,0.0,1.0,74.6738851422304,5.8
160,411125,ITAPERUCU,20.8834920811673,0.5851,0.2808,0.8421,0.6488,0.188989996910095,3.56873785637813,0.0,0.0,1.0,28.7481660652683,2.1
161,411130,ITAUNA DO SUL,28.9412075609758,0.6345,0.7597,0.8119,0.5777,0.0954757034778595,31.8314668518679,0.0,0.0,0.9896,34.7252365656741,2.4
162,411140,IVAI,24.8464822284845,0.711,0.4975,0.8867,0.8062,0.36573800444603,4.6303862286866,0.0,0.0,1.0,2.72375660510977,2.9
163,411150,IVAIPORA,29.7222704293355,0.7463,0.8368,0.9027,0.748,0.150518000125885,19.3291909911884,0.0,0.0,1.0,1.95639584931057,8.1
164,411155,IVATE,36.1084328229178,0.754,0.7302,0.9026,0.7197,0.0912031009793282,49.4259583576571,0.0,1.0,1.0,91.4574820003892,4.9
165,411160,IVATUBA,18.90294172939,0.7769,1.0629,0.9239,0.8436,0.467292010784149,190.37818368922,51.4535631592488,3.33333333333333,0.889,4.2877969299374,24.6
166,411170,JABOTI,28.9685078996841,0.7065,0.7147,0.866,0.6989,0.143875002861023,0.0,0.0,0.0,1.0,15.4146541979242,1.7
167,411180,JACAREZINHO,31.1342866587835,0.7455,0.613,0.8905,0.7816,1.36236000061035,16.336641186572,2.84941416044861,5.33333333333333,0.813,74.4646900597237,12.6
168,411190,JAGUAPITA,26.5829530899756,0.8043,0.5162,0.9016,0.7685,0.245655000209808,6.53893938403191,0.0,12.1063829787234,0.9912,29.4252272281436,10.2
169,411200,JAGUARIAIVA,20.7972046859127,0.7577,0.4111,0.9121,0.8037,0.0159857999533415,13.0893167376663,0.0,0.0,1.0,2.97484471310598,7.8
170,411210,JANDAIA DO SUL,29.8723001262265,0.7887,0.8843,0.9315,0.8414,0.428954005241394,19.454577036651,0.0,0.0,1.0,0.0,19.7
171,411220,JANIOPOLIS,32.2051664985253,0.7446,1.0082,0.8162,0.6776,0.176990002393723,39.1797487183574,15.9375249023827,0.0,1.0,149.414295959837,4.1
172,411230,JAPIRA,35.2450165263821,0.5705,0.7221,0.8506,0.7301,0.0929130986332893,0.0,0.0,0.0,1.0,39.5945517896737,2.0
173,411240,JAPURA,28.5280066171625,0.7886,0.9912,0.9327,0.821,0.423240005970001,53.1914893617021,28.2660088395519,23.5789473684211,1.0,339.192106074622,8.6
174,411250,JARDIM ALEGRE,37.7206654321133,0.649,0.8876,0.8451,0.6693,0.12457899749279,21.9670494258612,0.0,0.0,1.0,22.9655516724913,5.0
175,411260,JARDIM OLINDA,20.4187521585695,0.7056,0.4806,0.8969,0.6544,0.121762000024319,11.4573785517874,0.0,0.0,1.0,34.3721356553621,1.8
176,411270,JATAIZINHO,34.9930528351436,0.6712,0.6405,0.8902,0.7653,0.207513004541397,38.5974585829219,0.0,0.0,0.8805,22.5569563146946,11.6
177,411275,JESUITAS,18.1827642091094,0.7526,0.9008,0.9165,0.8244,0.157625004649162,23.8773781098359,13.6075380625947,0.0,1.0,1.28373000590516,6.3
178,411280,JOAQUIM TAVORA,31.3850228561972,0.8093,0.6,0.9199,0.804,0.633343994617462,17.7854565780782,0.0,1.0,1.0,36.8413029117333,8.3
179,411290,JUNDIAI DO SUL,30.2960735015039,0.7233,0.8236,0.8602,0.7266,0.621137022972107,0.0,0.0,1.0,1.0,22.4433305902596,3.0
180,411295,JURANDA,26.7533233569337,0.7604,0.6328,0.896,0.7287,0.210381999611855,22.8108903605592,20.8486632327691,0.0,1.0,182.119205298013,11.3
181,411300,JUSSARA,28.7055809823512,0.7941,0.6824,0.9187,0.7829,0.544242024421692,86.0814238782385,0.0,0.0,0.7866,503.181270012891,9.7
182,411310,KALORE,38.3704864316344,0.7682,1.0776,0.8968,0.7416,0.174273997545242,26.9926579970248,0.0,0.0,1.0,7.19804213253995,3.0
183,411320,LAPA,19.3093039053801,0.6846,0.6208,0.941,0.8716,0.0825743973255157,15.7604412923562,0.0,1.77551020408163,1.0,65.4400931921746,6.4
184,411325,LARANJAL,23.6341039874369,0.6404,0.4248,0.7621,0.5229,0.0487898997962475,83.6150471121341,0.0,0.0,1.0,7.19269222469971,0.6
185,411330,LARANJEIRAS DO SUL,25.0830808130689,0.7515,0.5318,0.9054,0.8319,0.0645518004894257,4.32742239489172,0.0,17.25,1.0,59.622264107397,6.9
186,411340,LEOPOLIS,23.6161575879909,0.6902,0.9597,0.9186,0.7652,0.0830439031124115,0.0,0.0,0.0,1.0,2.79626419104077,4.8
187,411342,LIDIANOPOLIS,33.6320340753263,0.741,0.9643,0.8513,0.7037,0.112002000212669,29.9673259478374,0.0,0.0,0.6057,0.0,1.5
188,411345,LINDOESTE,22.4325912542109,0.732,0.6972,0.8735,0.7307,0.389292001724243,41.4177418545108,22.0894623224057,0.0,0.7303,12.5508308650033,2.6
189,411350,LOANDA,31.0648260893464,0.7345,0.5841,0.9049,0.7831,0.0437664017081261,18.7316028900187,4.23691017750424,0.0,0.6126,72.2504682900722,13.8
190,411360,LOBATO,27.3195701185295,0.7523,0.7491,0.9154,0.8358,0.350941985845566,170.526050843192,0.0,17.6,1.0,0.0,21.6
191,411370,LONDRINA,17.9391591423045,0.8006,0.7448,0.9637,0.8943,0.287519007921219,41.4381294769297,3.93711443961328,11.0591397849462,1.0,66.8817315429305,31.2
192,411373,LUIZIANA,28.698693177015,0.7008,0.5421,0.7746,0.5977,0.22919000685215,0.0,0.0,0.0,1.0,117.54068716094,3.5
193,411375,LUNARDELLI,39.375119193845,0.7374,1.0283,0.8118,0.6587,0.088169701397419,7.17600344448165,0.0,0.0,1.0,23.9200114816055,3.7
194,411380,LUPIONOPOLIS,25.5149765328078,0.6548,0.7631,0.874,0.7418,0.170050993561745,0.0,0.0,0.0,1.0,10.5374077976818,13.3
195,411390,MALLET,28.9143638151299,0.7948,0.6521,0.9589,0.9109,0.347939014434814,47.3630876327268,25.9946248402873,6.0,0.9186,2.20293430849892,2.8
196,411400,MAMBORE,28.3441178118328,0.7233,0.7463,0.888,0.7598,0.205936998128891,52.5561395126613,28.6669851887243,19.0,1.0,192.151893475145,13.9
197,411410,MANDAGUACU,19.9248816626561,0.7465,0.4522,0.9166,0.7961,0.624827980995178,173.254654703204,31.7947888879907,0.0,0.7899,2.02085522593161,31.4
198,411420,MANDAGUARI,26.3348580645642,0.8109,0.728,0.9227,0.8041,0.495703011751175,41.8341885278068,9.25535144420504,65.5634920634921,1.0,0.370214057768202,19.9
199,411430,MANDIRITUBA,18.3382142132498,0.6556,0.5331,0.9429,0.8566,0.156600996851921,17.8864412706098,7.39664864574087,0.0,1.0,21.5175233330644,4.2
200,411435,MANFRINOPOLIS,33.5834763256917,0.5877,0.7017,0.8587,0.7567,0.421050995588303,67.1067106710671,0.0,0.0,1.0,77.007700770077,
201,411440,MANGUEIRINHA,22.7515781012428,0.716,0.4975,0.8745,0.7571,0.367276012897491,53.6082474226804,1.54639175257732,0.0,0.9418,24.7422680412371,10.7
202,411450,MANOEL RIBAS,29.6855516895058,0.6972,0.5156,0.872,0.7335,0.327742010354996,0.0,0.0,0.0,1.0,8.06544532780274,3.0
203,411460,MARECHAL CANDIDO RONDON,18.8064701619226,0.8191,0.6196,0.9574,0.8981,0.332913994789124,67.6202860858258,56.6638076529342,72.2315789473684,0.9846,0.276678748305343,39.5
204,411470,MARIA HELENA,34.5876445999515,0.7269,0.8375,0.8503,0.7294,0.226354002952576,31.738730450782,0.0,0.0,1.0,87.3965041398344,1.7
205,411480,MARIALVA,19.6520622427042,0.7921,0.6505,0.9312,0.8399,0.548197984695435,75.4992319508448,5.29953917050691,4.25,1.0,0.384024577572965,27.9
206,411490,MARILANDIA DO SUL,22.7110904475928,0.7055,0.6688,0.8644,0.7318,0.171491995453835,0.0,0.0,0.0,1.0,1.61759948236817,3.5
207,411500,MARILENA,32.6684857064447,0.7014,0.6967,0.8671,0.6592,0.0576469004154205,35.2906934439351,0.0,0.0,0.8028,18.1910790948119,2.0
208,411510,MARILUZ,31.1208720192643,0.6632,0.579,0.8118,0.6169,0.21153299510479,63.4662816579438,11.6555375082717,28.6666666666667,1.0,28.5748661493112,3.0
209,411520,MARINGA,18.2330294166169,0.8345,0.7841,0.9796,0.9194,0.660160005092621,83.5158239598726,10.1577037089794,302.603921568627,1.0,110.9464642686,42.1
210,411530,MARIOPOLIS,22.9833959369635,0.7536,0.7148,0.9216,0.8144,0.465016007423401,30.1681091877497,2.08055925432756,27.0,1.0,20.8055925432756,13.1
211,411535,MARIPA,16.4331004084705,0.8056,0.6473,0.966,0.9055,0.30588299036026,46.5414861177981,0.0,0.0,1.0,0.0,16.1
212,411540,MARMELEIRO,31.0133964178115,0.7893,0.6429,0.8992,0.8352,0.676865994930267,14.2328494164532,0.0,62.9157894736842,1.0,141.681546463784,4.0
213,411545,MARQUINHO,24.6167708322636,0.7396,0.6056,0.8657,0.7737,0.0729738026857376,57.3907240573907,0.0,53.3,1.0,56.7233900567234,0.8
214,411550,MARUMBI,34.0613892479766,0.7711,0.7609,0.878,0.7447,0.285840004682541,32.1953090749671,0.0,0.0,0.8046,2.74002630425252,8.2
215,411560,MATELANDIA,23.4118234033981,0.7833,0.5219,0.8985,0.8207,0.730027973651886,66.2456549038164,2.72990336142101,43.3333333333333,1.0,138.315103645331,12.0
216,411570,MATINHOS,15.9771866712818,0.6518,0.7003,0.9586,0.9271,0.0639612004160881,13.9010336091119,0.373683699169675,11.0,1.0,16.4420827634657,14.6
217,411573,MATO RICO,36.4983209519171,0.7174,0.7117,0.7548,0.5855,0.244969993829727,0.0,0.0,0.0,0.7535,20.77619878667,0.3
218,411575,MAUA DA SERRA,23.3132782257196,0.708,0.3445,0.8239,0.6338,0.108341000974178,30.2282016348774,0.0,0.0,1.0,0.0,5.6
219,411580,MEDIANEIRA,21.2478492610242,0.8203,0.5015,0.9365,0.862,0.800181984901428,140.446850575038,5.59803289375784,42.1724137931034,1.0,160.146257466996,18.2
220,411585,MERCEDES,24.4072517526328,0.7984,0.6763,0.9369,0.9043,0.356839001178741,23.3844565936104,26.1260825390682,638.8125,1.0,0.0,28.9
221,411590,MIRADOR,26.3148925584725,0.7372,0.5193,0.8714,0.6627,0.266420990228653,95.0441276306857,0.0,0.0,1.0,101.83299389002,1.6
222,411600,MIRASELVA,32.5653505737524,0.6896,1.0372,0.8898,0.7373,0.157785996794701,58.974908856959,0.0,0.0,1.0,16.0840660518979,9.1
223,411605,MISSAL,19.6418776361945,0.7263,0.8476,0.9287,0.8766,0.582544982433319,108.315027078757,0.0,32.9230769230769,1.0,106.575026643757,4.4
224,411610,MOREIRA SALES,29.5093908949716,0.7016,0.9382,0.8368,0.6733,0.193379998207092,30.0757677996491,23.5207927663923,0.0,1.0,107.000327748752,5.0
225,411620,MORRETES,20.7944454670993,0.6111,0.6462,0.9429,0.8995,0.118469998240471,20.7077278308197,9.16271142956624,0.0,0.8732,4.58135571478312,9.7
226,411630,MUNHOZ DE MELO,31.3738581530698,0.7355,0.8629,0.9086,0.7961,0.399417012929916,0.0,0.0,6.75,1.0,8.94934669769107,6.0
227,411640,NOSSA SENHORA DAS GRACAS,27.9608076211124,0.7096,0.6827,0.8643,0.7388,0.337918013334274,62.7821670428894,0.0,0.0,1.0,0.0,4.6
228,411650,NOVA ALIANCA DO IVAI,26.8205474725306,0.7518,0.6335,0.8717,0.7107,0.421642005443573,48.6144871171609,0.0,0.0,1.0,72.9217306757414,4.7
229,411660,NOVA AMERICA DA COLINA,20.0673598966037,0.6733,0.7851,0.875,0.6689,0.122441001236439,18.75,0.0,0.0,1.0,0.0,3.4
230,411670,NOVA AURORA,19.9474135000796,0.7924,0.6842,0.9245,0.8191,0.220734000205994,51.2506519717895,36.2836474136563,0.0,0.8776,0.0,18.6
231,411680,NOVA CANTU,27.6393566294398,0.7376,0.6893,0.8002,0.6197,0.0675387978553772,0.0,0.0,0.0,1.0,303.458009880028,10.5
232,411690,NOVA ESPERANCA,20.2033616586181,0.7589,0.7863,0.9203,0.8015,0.574328005313873,50.474209491823,0.0,11.5,0.8588,0.954143846726332,31.7
233,411695,NOVA ESPERANCA DO SUDOESTE,28.9912571274404,0.6967,0.5813,0.9158,0.7512,0.467613995075226,27.0562770562771,0.0,0.0,1.0,48.4164957849168,1.3
234,411700,NOVA FATIMA,19.9407145939627,0.7401,0.846,0.8502,0.6976,0.224122002720833,0.0,0.0,0.0,1.0,1.62216526619732,7.3
235,411705,NOVA LARANJEIRAS,20.8853267604233,0.5982,0.4305,0.88,0.717,0.0377879999577999,0.0,0.0,10.5,1.0,33.6793117173387,1.0
236,411710,NOVA LONDRINA,31.3460124859706,0.7864,0.6221,0.9263,0.7973,0.0772143006324768,38.860103626943,0.0,0.0,0.8228,20.1000536001429,14.8
237,411720,NOVA OLIMPIA,29.960517799676,0.742,0.8332,0.8652,0.7395,0.158942997455597,20.9634449927938,0.0,0.0,1.0,43.6738437349871,2.1
238,411721,NOVA SANTA BARBARA,18.5975384561149,0.6816,0.7361,0.7784,0.5657,0.0608979016542435,43.0539609644087,0.0,0.0,1.0,0.0,3.4
239,411722,NOVA SANTA ROSA,17.8125841513176,0.7698,0.6932,0.95,0.9153,0.304993987083435,29.2371221026615,17.7080507580553,0.0,1.0,0.0,27.8
240,411725,NOVA PRATA DO IGUACU,26.7687056123627,0.728,0.5616,0.8802,0.7799,0.358002990484238,21.5285252960172,0.0,1.33333333333333,1.0,24.2195909580194,2.6
241,411727,NOVA TEBAS,37.2084106108715,0.6776,0.7994,0.7985,0.6431,0.341226011514664,0.0,0.0,39.5061728395062,1.0,16.6958844644795,1.1
242,411729,NOVO ITACOLOMI,31.1774011176803,0.7147,0.9225,0.8864,0.7248,0.204395994544029,0.0,0.0,0.0,1.0,0.0,2.0
243,411730,ORTIGUEIRA,21.3062966344806,0.7515,0.4967,0.788,0.6322,0.0027563800103962,7.68347907932714,8.64391396424301,2.0,0.5834,4.3219569821215,2.6
244,411740,OURIZONA,25.170586177601,0.7785,0.9541,0.8923,0.7654,0.529190003871918,105.209693803512,44.4420258307938,12.9230769230769,0.8074,0.0,24.4
245,411745,OURO VERDE DO OESTE,17.3201856318539,0.754,0.5568,0.8898,0.7869,0.325697988271713,28.34522529567,7.33066171439742,0.0,0.7588,0.0,14.8
246,411750,PAICANDU,19.162478147586,0.7185,0.4534,0.9159,0.7614,0.654555022716522,67.5594471628466,13.2200188857413,0.0,1.0,0.429221392394197,24.5
247,411760,PALMAS,18.3768964266377,0.6801,0.3396,0.8943,0.8047,0.0559729002416134,13.1652184926325,0.0,147.642857142857,1.0,7.49917509074002,11.4
248,411770,PALMEIRA,25.6822926177255,0.7571,0.5307,0.9558,0.8977,0.222758993506432,10.3621627167334,6.15574022776239,47.5714285714286,1.0,1.5389350569406,8.9
249,411780,PALMITAL,27.7451561177206,0.6825,0.5713,0.8336,0.6803,0.220620006322861,25.380130330399,0.0,1.0,1.0,40.0137189893678,2.7
250,411790,PALOTINA,18.7584844446163,0.8596,0.5575,0.9327,0.8532,0.264465004205704,59.1164806787789,10.02951212764,15.4791666666667,0.6092,0.461126994374251,20.0
251,411800,PARAISO DO NORTE,27.8100103897424,0.7872,0.5431,0.8927,0.7524,0.402810990810394,62.7755773111128,0.0,0.0,0.8141,29.8931320529108,17.9
252,411810,PARANACITY,24.7912626144135,0.6967,0.589,0.9051,0.7256,0.346307009458542,30.5469818945493,0.0,0.0,1.0,0.0,16.7
253,411820,PARANAGUA,18.9697063205805,0.7177,0.4193,0.9588,0.8997,0.0865681022405624,11.6924482911554,0.895973049130683,0.0,0.9495,24.1912723265284,22.0
254,411830,PARANAPOEMA,25.0423831399012,0.697,0.538,0.8378,0.7249,0.126899003982544,53.4056363486977,0.0,0.0,1.0,49.297510475721,1.6
255,411840,PARANAVAI,27.1849477755927,0.8165,0.6584,0.9446,0.8315,0.48955500125885,57.0998777774296,8.3675452066815,0.0,0.9018,2.50712964994202,19.8
256,411845,PATO BRAGADO,19.9424306565781,0.7652,0.6781,0.9639,0.917,0.263062000274658,65.3116672762422,0.0,15.625,1.0,5.22493338209938,21.5
257,411850,PATO BRANCO,22.9814513346153,0.8292,0.5201,0.9558,0.8917,0.611597001552582,105.625340468485,49.6282885250104,19.2,0.9511,207.084948889672,30.3
258,411860,PAULA FREITAS,29.836748323334,0.7396,0.6375,0.9406,0.8836,0.699186027050018,28.8623005877414,0.0,52.1891891891892,1.0,183.669185558354,1.8
259,411870,PAULO FRONTIN,26.1692141966966,0.7159,0.7869,0.9532,0.8878,0.477095007896423,38.3004189108318,0.0,0.0,1.0,81.7873528825055,1.9
260,411880,PEABIRU,29.5385749182036,0.7605,0.6434,0.8831,0.7747,0.417878985404968,23.4600452592024,1.03805509996471,18.6363636363636,0.9334,225.257956692341,11.9
261,411885,PEROBAL,35.8161601522771,0.7409,0.6386,0.9077,0.7595,0.278230994939804,24.2539037235517,24.2539037235517,1.0,1.0,32.3385382980689,2.0
262,411890,PEROLA,37.3036280215893,0.7549,0.8076,0.8937,0.7618,0.0976999998092651,60.2182913059842,10.8481480661516,9.72649572649573,1.0,29.8877548761319,4.5
263,411900,PEROLA D'OESTE,30.4856473546738,0.6936,0.9763,0.8965,0.8304,0.072104200720787,21.2134068731438,0.0,2.0,0.7673,21.2134068731438,2.1
264,411910,PIEN,20.9458476275,0.7651,0.4257,0.9513,0.8939,0.02516970038414,16.6419721273808,0.0,6.08333333333333,1.0,48.3154029504606,2.3
265,411915,PINHAIS,19.7090083715015,0.7887,0.5159,0.9672,0.9002,0.263976007699966,33.3389979761776,0.834247400701386,29.9083333333333,1.0,31.824993434164,20.4
266,411920,PINHALAO,31.4833509755504,0.7558,0.7527,0.86,0.7321,0.10402999818325,48.2362317016904,0.0,0.0,0.9626,12.5833647917453,2.7
267,411925,PINHAL DE SAO BENTO,36.8420254330209,0.7531,0.6957,0.8447,0.727,0.227846994996071,63.6511375947996,0.0,8.0,0.8695,16.2513542795233,0.2
268,411930,PINHAO,17.3101366201744,0.6777,0.3893,0.818,0.714,0.188466995954514,24.8056464811784,0.0,0.0,0.682,32.6053600654664,3.4
269,411940,PIRAI DO SUL,25.6004870636598,0.7126,0.517,0.9308,0.8458,0.0834560990333557,10.0845242360309,0.0,0.0,1.0,0.663455541844141,7.1
270,411950,PIRAQUARA,21.0978664840359,0.6488,0.2913,0.9345,0.8327,0.229101002216339,23.4829760283883,0.237201778064528,25.9737827715356,1.0,19.6877475793559,9.1
271,411960,PITANGA,29.0814383387626,0.7667,0.555,0.8989,0.7533,0.644905984401703,33.4782654468506,0.0,52.0,1.0,121.595586764505,6.2
272,411965,PITANGUEIRAS,26.7568454715314,0.7618,0.6638,0.8503,0.7609,0.258991986513138,0.0,0.0,0.0,1.0,5.04999495000505,3.3
273,411970,PLANALTINA DO PARANA,38.6017353455106,0.7167,0.6684,0.8856,0.6989,0.143544003367424,29.5450068938349,0.0,0.0,0.7748,55.8072352439104,9.1
274,411980,PLANALTO,31.0365308515972,0.7619,0.8526,0.9187,0.8437,0.0978310033679008,8.23002031239056,0.0,32.8461538461538,0.5112,2.62660222735869,1.5
275,411990,PONTA GROSSA,26.9027680503174,0.7602,0.4859,0.964,0.9121,0.259359985589981,26.4345643577581,1.11826594227884,12.7623762376238,1.0,1.81200499906293,20.9
276,411995,PONTAL DO PARANA,16.9613071456953,0.6175,0.7941,0.9601,0.9267,0.0235061999410391,25.0168840186818,1.18901540012746,0.0,1.0,68.4872870473418,8.9
277,412000,PORECATU,29.7657286142777,0.6546,0.9878,0.9121,0.7819,0.0548327006399632,11.1494609478011,0.0,0.0,1.0,6.78662840300939,18.7
278,412010,PORTO AMAZONAS,19.1166342691624,0.7729,0.5945,0.947,0.8556,0.172747999429703,43.5759515217539,0.0,0.0,1.0,3.40437121263703,5.0
279,412015,PORTO BARREIRO,25.2241377455045,0.7603,0.7038,0.89,0.792,0.0128945996984839,47.6479251494412,30.3214069132808,0.0,1.0,125.617257212163,0.9
280,412020,PORTO RICO,31.1692888083325,0.7656,0.5171,0.8508,0.7327,0.0209934003651142,0.0,0.0,0.0,0.9314,66.7799902865469,5.2
281,412030,PORTO VITORIA,23.6154219258606,0.761,0.6513,0.9632,0.8972,0.662663996219635,0.0,0.0,17.4193548387097,1.0,240.847784200385,1.9
282,412033,PRADO FERREIRA,27.3121401891709,0.7325,0.6415,0.8296,0.666,0.183008000254631,81.1151362419279,0.0,12.0,0.6587,19.6881398645456,4.7
283,412035,PRANCHITA,31.5478467578696,0.7523,0.7815,0.8999,0.782,0.0539552010595798,62.6370184779205,26.397029215695,118.857142857143,1.0,33.5555456131717,3.8
284,412040,PRESIDENTE CASTELO BRANCO,22.0863437937828,0.6721,0.6164,0.9194,0.798,0.592914998531342,70.4469588589761,0.0,8.5,0.9202,0.0,15.6
285,412050,PRIMEIRO DE MAIO,26.4392460705946,0.6511,1.0937,0.8996,0.8141,0.054465901106596,7.10558905333252,0.0,0.0,1.0,24.3620196114258,14.2
286,412060,PRUDENTOPOLIS,24.0866537219627,0.7379,0.606,0.9051,0.8337,0.688592970371246,55.38711593161,31.506892132654,280.117647058824,1.0,57.8251492513987,3.8
287,412065,QUARTO CENTENARIO,23.1980098373503,0.7796,0.6584,0.8397,0.7254,0.118396997451782,0.0,0.0,0.0,1.0,224.473700175939,2.9
288,412070,QUATIGUA,31.919078648948,0.7265,0.7743,0.9204,0.7902,0.467743992805481,0.0,0.0,0.0,0.8712,34.5474286842365,4.7
289,412080,QUATRO BARRAS,19.5736501385287,0.839,0.4263,0.9453,0.871,0.238156005740166,20.8444681988242,0.89078923926599,1.75,1.0,75.7170853376091,14.4
290,412085,QUATRO PONTES,16.8103060657854,0.8156,0.8325,0.9798,0.966,0.327978998422623,81.3716942749201,14.53065969195,0.0,1.0,0.0,39.2
291,412090,QUEDAS DO IGUACU,24.540120151535,0.7075,0.501,0.8656,0.737,0.033925499767065,24.2271927620005,4.90072882633828,0.0,1.0,0.502638853983413,6.3
292,412100,QUERENCIA DO NORTE,30.1886464890171,0.6925,0.5557,0.8006,0.6429,0.0,15.6454818385555,7.61131548902702,0.0,1.0,8.87986807053152,3.3
293,412110,QUINTA DO SOL,33.013768643052,0.7134,0.7313,0.8295,0.6083,0.273400008678436,27.5470418715036,0.0,0.0,1.0,259.931061761881,10.7
294,412120,QUITANDINHA,17.1634043282544,0.6929,0.6332,0.9381,0.8193,0.0864052996039391,16.4294484893554,0.0,0.0,1.0,8.64707815229234,2.0
295,412125,RAMILANDIA,21.4696687205642,0.6061,0.4989,0.778,0.587,0.47851300239563,0.0,0.0,3.0,1.0,71.466185210261,1.0
296,412130,RANCHO ALEGRE,25.9039130581807,0.7054,1.2363,0.915,0.7446,0.0975503996014595,0.0,0.0,4.33333333333333,0.8271,0.0,8.1
297,412135,RANCHO ALEGRE D'OESTE,22.7255001005375,0.7237,0.7289,0.8494,0.7163,0.125870004296303,0.0,0.0,75.1875,1.0,335.799104535721,7.6
298,412140,REALEZA,28.3116232329481,0.7812,0.6806,0.9034,0.8064,0.257775992155075,20.7426173699628,6.33362362441612,0.0,1.0,18.2091679201963,7.6
299,412150,REBOUCAS,28.5713436080655,0.725,0.6066,0.9417,0.8422,0.41975399851799,123.448712076599,114.07009967502,7.22950819672131,1.0,1.09053632576501,2.3
300,412160,RENASCENCA,30.0655289381671,0.7761,0.6635,0.8812,0.7737,0.669793009757996,45.8346375709878,0.0,66.5,0.8729,230.291105844475,5.4
301,412170,RESERVA,22.183536204341,0.6661,0.5048,0.8012,0.6708,0.0739402025938034,6.3454873822424,0.0,4.5,0.7932,0.0,2.7
302,412175,RESERVA DO IGUACU,14.7446295768966,0.6805,0.3475,0.8234,0.6637,0.15481199324131,37.5296649925493,0.0,0.0,1.0,71.7478889563442,2.3
303,412180,RIBEIRAO CLARO,31.9738276174862,0.7428,0.792,0.9296,0.8343,0.843217015266418,13.7111148749465,0.0,0.0,1.0,38.7137361174962,7.1
304,412190,RIBEIRAO DO PINHAL,24.6684514114406,0.6811,0.7048,0.815,0.674,0.490000009536743,11.077590270576,8.17070488042488,1.33333333333333,1.0,4.71386820024512,7.5
305,412200,RIO AZUL,28.0746149995162,0.6994,0.5519,0.9603,0.9139,0.400691986083984,39.7671465874518,39.527585463431,24.0851063829787,1.0,0.0,1.8
306,412210,RIO BOM,30.0803963877823,0.7243,1.0132,0.8752,0.7199,0.151517003774643,9.82961992136304,0.0,0.0,1.0,0.0,4.6
307,412215,RIO BONITO DO IGUACU,20.1768745577216,0.6822,0.4274,0.9026,0.7606,0.0371305011212826,7.15205263910742,0.0,0.0,0.8637,25.032184236876,0.4
308,412217,RIO BRANCO DO IVAI,30.0167391378338,0.6511,0.5018,0.7613,0.5321,0.0309145003557205,0.0,0.0,0.0,1.0,0.0,0.2
309,412220,RIO BRANCO DO SUL,19.944327190565,0.6681,0.382,0.8784,0.6943,0.183927997946739,23.5043682646681,3.32608984877378,35.054347826087,0.787,41.391340340296,7.7
310,412230,RIO NEGRO,20.1020019752199,0.7911,0.5864,0.9697,0.9258,0.008547049947083,15.9890360895386,0.0,0.0,1.0,10.4276322323078,11.0
311,412240,ROLANDIA,27.0304034711208,0.7983,0.5673,0.9258,0.8166,0.368344008922577,17.9011910634999,0.0,58.0,1.0,14.3303498014894,23.3
312,412250,RONCADOR,33.9426003969294,0.7192,0.6679,0.8086,0.6177,0.124853998422623,18.617834217912,0.0,27.0,1.0,86.142218023175,3.6
313,412260,RONDON,27.1045494310844,0.7445,0.645,0.8828,0.7374,0.315582007169724,303.832206213859,16.6617661472116,12.4545454545455,1.0,405.109608285145,8.5
314,412265,ROSARIO DO IVAI,33.5082074272765,0.7258,0.881,0.794,0.6098,0.0136059997603297,40.8912188728702,0.0,0.0,1.0,0.0,1.4
315,412270,SABAUDIA,29.3187755474422,0.8169,0.5546,0.9028,0.7929,0.330453991889954,0.0,0.0,37.9423076923077,1.0,4.2165626581211,5.8
316,412280,SALGADO FILHO,25.6456442882988,0.7523,0.6948,0.8692,0.7567,0.352084010839462,38.2446360277436,0.0,22.0,0.946,84.2678420950282,1.3
317,412290,SALTO DO ITARARE,30.2271498620342,0.7458,0.8669,0.8596,0.688,0.158168002963066,0.0,0.0,20.375,1.0,25.1704727472427,1.6
318,412300,SALTO DO LONTRA,28.6222626535869,0.7544,0.624,0.883,0.7995,0.366504997014999,16.4869441226272,1.11398271098833,0.0,1.0,11.1398271098833,3.0
319,412310,SANTA AMELIA,24.4825998351542,0.6393,0.8202,0.8909,0.7864,0.311159014701843,55.8659217877095,0.0,0.0,1.0,0.0,9.8
320,412320,SANTA CECILIA DO PAVAO,16.5698653639963,0.6506,0.8452,0.7971,0.6412,0.0790648981928825,34.7222222222222,0.0,98.0555555555556,1.0,7.30994152046784,7.6
321,412330,SANTA CRUZ DE MONTE CASTELO,31.316383464058,0.6753,0.7079,0.9023,0.7142,0.0132528003305197,64.7101117720112,13.0727498529316,0.0,0.9012,6.53637492646578,7.1
322,412340,SANTA FE,29.858906862985,0.7785,0.8063,0.9147,0.7945,0.376060992479324,177.955707773124,0.0,2.0,1.0,0.0,18.6
323,412350,SANTA HELENA,16.8256015850951,0.7776,0.6511,0.9184,0.8413,0.315248996019363,51.885624690543,19.8052483908236,29.9636363636364,1.0,0.0,5.6
324,412360,SANTA INES,21.8721598315707,0.6962,0.8893,0.8833,0.7811,0.19098100066185,100.891205649908,0.0,0.0,1.0,0.0,18.9
325,412370,SANTA ISABEL DO IVAI,31.4652720676157,0.6842,0.8159,0.9045,0.7812,0.030349999666214,39.7598398932622,0.0,0.0,1.0,42.6951300867245,7.5
326,412380,SANTA IZABEL DO OESTE,28.4595510199329,0.7679,0.6638,0.914,0.8175,0.26672101020813,10.0130169219986,0.0,59.1894736842105,1.0,22.0286372283969,7.1
327,412382,SANTA LUCIA,22.4852646220001,0.7082,0.8071,0.891,0.8278,0.304383009672165,104.120930816032,135.900813314098,0.0,1.0,3.13617261494073,2.6
328,412385,SANTA MARIA DO OESTE,26.474093892425,0.6219,0.593,0.8491,0.6994,0.520015001296997,17.3374076241251,0.0,0.0,1.0,1.62538196476172,1.0
329,412390,SANTA MARIANA,23.0036997395525,0.7045,0.9891,0.8813,0.7301,0.363101005554199,29.9091647588804,0.0,2.84,1.0,0.923122369101248,8.1
330,412395,SANTA MONICA,29.6126318257618,0.6234,0.6064,0.8602,0.6628,0.0488387010991573,54.1651101979828,0.0,0.0,1.0,102.726933134105,5.1
331,412400,SANTANA DO ITARARE,23.6353766306851,0.7204,0.7258,0.7852,0.6829,0.0781347006559372,24.6764641368721,24.6764641368721,12.5,1.0,10.9673173941654,2.3
332,412402,SANTA TEREZA DO OESTE,21.1310975742254,0.7572,0.412,0.9139,0.7557,0.551882982254028,134.333958724203,54.8780487804878,0.0,0.8362,5.62851782363977,9.8
333,412405,SANTA TEREZINHA DE ITAIPU,25.0971848404755,0.7086,0.5799,0.9252,0.8156,0.947718024253845,86.9794760113509,8.57915924239425,66.4074074074074,1.0,6.59935326338019,8.0
334,412410,SANTO ANTONIO DA PLATINA,27.6580713603979,0.6661,0.6401,0.9032,0.7879,1.14113998413086,8.63440127243808,0.324601551595417,12.8,1.0,33.7585613659233,10.7
335,412420,SANTO ANTONIO DO CAIUA,26.6091698781907,0.6876,0.867,0.8685,0.6455,0.226907998323441,32.439446366782,0.0,0.0,1.0,62.475970780469,2.6
336,412430,SANTO ANTONIO DO PARAISO,14.6538646504419,0.6445,0.9621,0.8442,0.6848,0.107583001255989,0.0,0.0,0.0,0.8048,0.0,2.1
337,412440,SANTO ANTONIO DO SUDOESTE,25.7745952325949,0.7633,0.5924,0.8659,0.7444,0.055535301566124,14.8274292760985,8.80837382738524,112.75,1.0,30.8293083958483,3.3
338,412450,SANTO INACIO,23.3482256263467,0.8075,0.5654,0.9021,0.8054,0.234062001109123,28.247053071867,0.0,0.0,1.0,0.0,10.4
339,412460,SAO CARLOS DO IVAI,26.3355147971414,0.7638,0.6186,0.8764,0.7377,0.39970600605011,59.1635188640604,0.0,0.0,1.0,22.7551995631002,10.4
340,412470,SAO JERONIMO DA SERRA,17.5001622751819,0.5901,0.6152,0.7566,0.634,0.0357723012566566,0.0,0.0,0.0,1.0,1.33886731824876,4.0
341,412480,SAO JOAO,23.3782879802054,0.7928,0.7485,0.9428,0.8341,0.707714974880219,29.1070773744041,17.8767876787679,2.33333333333333,1.0,11.4594792812615,8.8
342,412490,SAO JOAO DO CAIUA,26.8677302467809,0.717,0.6763,0.7942,0.636,0.355230987071991,49.6396528901309,0.0,0.0,0.9247,31.8674314850223,7.3
343,412500,SAO JOAO DO IVAI,34.2286306192647,0.7521,1.0342,0.8348,0.6936,0.0812453031539917,18.3327714093055,0.0,0.0,1.0,0.0,6.9
344,412510,SAO JOAO DO TRIUNFO,22.6109076834227,0.6787,0.4894,0.8826,0.7937,0.177612006664276,15.4929194639993,0.0,0.0,1.0,1.35902802315784,2.6
345,412520,SAO JORGE D'OESTE,28.2441095271289,0.7952,0.7603,0.9206,0.8088,0.505415976047516,27.3090522321557,2.87463707706902,0.0,1.0,5.74927415413804,5.3
346,412530,SAO JORGE DO IVAI,26.2628279582431,0.7901,1.1094,0.9189,0.782,0.490752995014191,126.349460215914,0.0,7.0,1.0,1.99920031987205,29.9
347,412535,SAO JORGE DO PATROCINIO,34.2517747931279,0.7043,0.9058,0.8744,0.7129,0.0738309025764465,19.3477059148701,19.3477059148701,0.0,0.959,64.492353049567,0.7
348,412540,SAO JOSE DA BOA VISTA,19.6979683474097,0.713,0.7658,0.8924,0.8099,0.0,0.0,0.0,36.0,0.6046,12.4631299073574,1.6
349,412545,SAO JOSE DAS PALMEIRAS,19.191702854601,0.7147,0.6651,0.8271,0.6643,0.249724000692368,7.8702974972454,0.0,0.0,1.0,0.0,2.6
350,412550,SAO JOSE DOS PINHAIS,19.7912031010424,0.7943,0.3723,0.9563,0.8894,0.246998995542526,54.2253666324015,7.15739494387483,68.5,0.5222,81.4411399992342,20.9
351,412555,SAO MANOEL DO PARANA,28.0197854927925,0.7973,0.9579,0.8914,0.654,0.382025986909866,105.724049551474,0.0,38.4545454545455,1.0,491.243058521999,1.4
352,412560,SAO MATEUS DO SUL,27.6324674871044,0.7702,0.5204,0.9433,0.8855,0.237765997648239,16.5260284948794,0.83464790378179,28.6666666666667,0.5948,266.252681306391,11.8
353,412570,SAO MIGUEL DO IGUACU,24.6528609968164,0.7758,0.565,0.9016,0.8221,0.883890986442566,172.854351420412,4.83133280367611,7.69387755102041,0.9552,84.8167314423139,8.1
354,412575,SAO PEDRO DO IGUACU,16.8730497581305,0.6907,0.8215,0.8796,0.7683,0.416413992643356,56.6884497283678,24.6043618612708,0.0,1.0,1.96834894890166,9.9
355,412580,SAO PEDRO DO IVAI,34.990499582161,0.7099,0.7991,0.8476,0.7167,0.125116005539894,5.58284948637785,0.0,1.0,1.0,0.0,11.6
356,412590,SAO PEDRO DO PARANA,32.4222072321997,0.6796,0.7582,0.892,0.7378,0.0204917006194592,84.2606462657822,0.0,0.0,1.0,139.096939867323,8.1
357,412600,SAO SEBASTIAO DA AMOREIRA,18.6036768672871,0.6536,0.7196,0.8043,0.6776,0.117449998855591,20.8145639814844,0.0,8.0,1.0,3.10665134052005,10.2
358,412610,SAO TOME,28.6680979779877,0.7532,0.6792,0.9276,0.7668,0.453487992286682,129.27054478301,0.0,2.58064516129032,0.5133,619.195046439629,6.0
359,412620,SAPOPEMA,23.4246896793791,0.6973,0.7017,0.822,0.6949,0.0091791003942489,0.0,0.0,2.4,1.0,2.42341993020551,2.2
360,412625,SARANDI,27.4863446583577,0.7192,0.3892,0.9314,0.7912,0.617129981517792,40.8543827544984,4.01386572990456,0.0,0.7693,0.386878624569114,14.4
361,412627,SAUDADE DO IGUACU,19.1206620092568,0.8061,0.48,0.8868,0.7593,0.444106012582779,51.0820098448963,0.0,0.0,1.0,89.1613262747283,1.4
362,412630,SENGES,19.5261198166129,0.7538,0.4451,0.8667,0.7694,0.0,0.0,0.0,0.0,1.0,0.0,2.5
363,412635,SERRANOPOLIS DO IGUACU,23.5124245548976,0.6954,0.9264,0.9354,0.8936,0.642969012260437,36.6181514786317,0.0,0.0,1.0,162.232316677482,6.9
364,412640,SERTANEJA,25.407236452381,0.7847,1.053,0.9191,0.7903,0.0552599988877773,13.0811291630694,3.92433874892081,4.53333333333333,0.9974,0.0,11.9
365,412650,SERTANOPOLIS,19.5608482764993,0.7541,0.8111,0.9297,0.8189,0.129448994994164,17.149909442067,0.0,0.0,1.0,24.0419291243929,25.9
366,412660,SIQUEIRA CAMPOS,30.061471075719,0.783,0.6002,0.9015,0.7832,0.221404001116753,2.17817468961011,0.0,12.5555555555556,0.9436,11.6169316779206,4.7
367,412665,SULINA,20.2498132822916,0.754,0.8606,0.9381,0.8585,0.523828029632568,17.9224317155352,16.1301885439816,5.57142857142857,1.0,43.0138361172844,0.7
368,412667,TAMARANA,18.4707455925161,0.6599,0.5174,0.8381,0.6804,0.143188998103142,40.849472155917,0.0,1.0,1.0,30.7601446957207,4.2
369,412670,TAMBOARA,26.9549567317307,0.7669,0.7242,0.8637,0.7481,0.436089009046555,58.2681413541948,0.0,17.4545454545455,1.0,21.5807930941462,4.4
370,412680,TAPEJARA,31.3420231883681,0.7511,0.5619,0.8896,0.7416,0.476974993944168,49.208293237687,9.02152042690928,0.0,1.0,238.386842795906,7.3
371,412690,TAPIRA,36.1159900935705,0.7206,0.9204,0.8453,0.6592,0.0764736980199814,17.6621708413616,0.0,9.6875,0.7521,62.0852065938771,2.7
372,412700,TEIXEIRA SOARES,25.4528054825404,0.7171,0.5155,0.9288,0.8509,0.406948000192642,63.2447296058662,53.1622364802933,0.0,1.0,1.52765047357165,4.4
373,412710,TELEMACO BORBA,23.7566481704204,0.7806,0.4465,0.9293,0.8288,0.0,28.1093531920708,8.05215846647862,0.0,1.0,2.44004802014504,7.2
374,412720,TERRA BOA,29.1132123642735,0.7734,0.6699,0.9043,0.7214,0.458270013332367,32.157589022645,18.1833487667312,1.61111111111111,1.0,487.414765552656,10.0
375,412730,TERRA RICA,34.0399575346285,0.7462,0.7036,0.8875,0.7771,0.164051994681358,35.9168578083604,8.44579577176793,23.6836734693878,1.0,53.3418680322185,10.0
376,412740,TERRA ROXA,29.7893616260523,0.7774,0.6518,0.897,0.7878,0.354175001382828,64.5319517466546,12.5691687487546,72.5,1.0,0.0,8.2
377,412750,TIBAGI,26.8857883374717,0.7111,0.4527,0.8875,0.7672,0.0414967015385628,14.114455401987,0.0,0.0,0.749,10.0817538585622,5.8
378,412760,TIJUCAS DO SUL,20.3906466360554,0.6606,0.5291,0.9168,0.8266,0.123535998165607,62.3270117888262,1.02511532547412,0.0,1.0,27.6781137878011,3.8
379,412770,TOLEDO,18.9625527582202,0.8618,0.5118,0.9473,0.8551,0.401594996452332,95.7676086198375,9.08249261733853,187.107142857143,1.0,1.0035903444573,31.8
380,412780,TOMAZINA,28.808574316034,0.7154,0.8358,0.861,0.747,0.106854997575283,22.5471880435483,0.0,0.0,1.0,24.1577014752303,4.5
381,412785,TRES BARRAS DO PARANA,23.1693635204983,0.745,0.6138,0.8254,0.7165,0.0493522994220257,23.7155163572967,12.8191980309712,20.3333333333333,1.0,0.0,3.0
382,412788,TUNAS DO PARANA,24.4639574864853,0.6271,0.2838,0.7557,0.5231,0.105853997170925,24.759829652372,0.0,0.0,0.8618,4.9519659304744,2.8
383,412790,TUNEIRAS DO OESTE,32.5225591750526,0.6906,0.6854,0.8695,0.655,0.346056997776031,0.0,0.0,0.0,1.0,175.196432363559,2.7
384,412795,TUPASSI,19.5247264727022,0.7644,0.9442,0.9205,0.7698,0.274951994419098,49.4038419077059,0.0,0.0,1.0,0.0,15.4
385,412796,TURVO,24.9453746638747,0.7353,0.4954,0.861,0.7186,0.82907897233963,22.516693410632,0.0,16.8484848484848,0.8459,102.230964335628,1.6
386,412800,UBIRATA,24.4964740322195,0.8271,0.667,0.9004,0.7866,0.245431005954742,7.92026124677097,5.17863235365794,1.0,0.8813,51.1770726714432,27.3
387,412810,UMUARAMA,36.182409121333,0.7867,0.6326,0.9437,0.8367,0.346264988183975,88.1508496934896,13.8641007733892,274.079207920792,1.0,161.014976332738,13.1
388,412820,UNIAO DA VITORIA,27.7563152130302,0.7771,0.5701,0.962,0.9113,0.776404976844788,144.548545566851,32.6735130953824,97.8181818181818,1.0,120.649544822172,10.9
389,412830,UNIFLOR,24.0620823968773,0.6946,0.8099,0.8893,0.7492,0.376504004001617,129.275826564466,0.0,0.0,1.0,5.72016931701178,8.5
390,412840,URAI,23.2567751897664,0.6996,1.088,0.893,0.7596,0.166078999638557,10.4604499895395,0.0,0.0,1.0,0.95094999904905,14.7
391,412850,WENCESLAU BRAZ,23.2515251550837,0.7715,0.6267,0.8879,0.7825,0.040004801005125,41.610274426239,0.0,37.7142857142857,1.0,26.636334840326,4.6
392,412853,VENTANIA,26.8766383403225,0.6579,0.4568,0.8439,0.6258,0.0049179201014339,46.1054052027888,0.0,0.0,1.0,3.748406927056,1.8
393,412855,VERA CRUZ DO OESTE,16.7086521689917,0.7466,0.7903,0.8682,0.7255,0.531291007995605,20.1375104283536,13.4250069522357,33.5,1.0,5.75357440810103,9.1
394,412860,VERE,29.5305614866187,0.7779,0.8289,0.9076,0.808,0.732712984085083,11.5855676928169,0.0,0.0,1.0,24.8262164846077,2.8
395,412862,ALTO PARAISO,34.9591556245906,0.7407,0.5975,0.8402,0.6475,0.0133351003751159,0.0,0.0,0.0,1.0,119.856172592889,2.4
396,412863,DOUTOR ULYSSES,25.657102579573,0.484,0.5029,0.7392,0.5733,0.0005474039935506,0.0,0.0,0.0,1.0,6.58111220796315,0.5
397,412865,VIRMOND,26.0025023489373,0.748,0.6504,0.8836,0.8215,0.141694992780685,31.4308164868919,0.0,0.0,1.0,32.1451532252304,0.8
398,412870,VITORINO,23.5040423471771,0.7363,0.4508,0.9375,0.8462,0.595166981220245,54.0517534899557,57.0309839972761,1.0,1.0,34.0483486550902,13.6
399,412880,XAMBRE,35.6764552021776,0.6484,0.8828,0.8858,0.7524,0.171982005238533,36.2362123203122,0.0,0.0,1.0,65.7030223390276,2.1
