POLY_ID,MUNIC_RES,Localidade,txsuav10k,IPDM,tx_remedio10k,cob_esf,tx_apac_densito10k,tx_quedas_100k,taxa%_plano_idoso,tx%alfabet_2022
1,410010,ABATIA,24.87352747,0.694,4.235134677,1.0,1.694053871,828.7142857,0.06710963455,0.687
2,410020,ADRIANOPOLIS,21.54904834,0.648,13.27257444,1.0,0.0,338.5,0.01431127013,0.6376
3,410030,AGUDOS DO SUL,15.09922489,0.6372,24.96789842,1.0,30.31816236,100.8166667,0.04132791328,0.8212
4,410040,ALMIRANTE TAMANDARE,19.24045957,0.6289,28.2654389,0.4232,27.82504254,339.2571429,0.113027249,0.8257
5,410045,ALTAMIRA DO PARANA,20.48816367,0.7467,0.0,1.0,201.2325494,1700.571429,0.05841924399,0.6728
6,410050,ALTONIA,34.37448299,0.7581,15.20223488,0.9513,63.21721435,616.8714286,0.002872875269,0.6475
7,410060,ALTO PARANA,27.15063279,0.6819,87.29369252,0.9469,20.30085873,928.3285714,0.1076742365,0.7626
8,410070,ALTO PIQUIRI,25.76583567,0.7071,49.42384359,1.0,54.61198187,486.2428571,0.03239740821,0.6483
9,410080,ALVORADA DO SUL,28.86695101,0.6939,9.506364627,1.0,10.43381483,665.5714286,0.04668741663,0.7761
10,410090,AMAPORA,26.49107972,0.7062,45.97701149,1.0,32.8407225,844.9428571,0.3527950311,0.768
11,410100,AMPERE,29.21153035,0.7901,15.65349021,0.9579,47.30450339,780.9,0.009495743287,0.6341
12,410105,ANAHY,21.62215988,0.7475,83.13242996,1.0,0.0,177.3,0.1738410596,0.8091
13,410110,ANDIRA,22.28329224,0.7193,0.0,1.0,1.239464551,792.6142857,0.009828009828,0.7252
14,410115,ANGULO,20.28294696,0.749,0.0,1.0,0.0,896.9166667,0.8557504873,0.7545
15,410120,ANTONINA,21.00180576,0.5896,25.04472272,1.0,42.21824687,521.5571429,0.01715893108,0.7378
16,410130,ANTONIO OLINTO,23.47006058,0.7128,30.76584991,0.9417,97.05893125,1106.3,0.2111352133,0.862
17,410140,APUCARANA,26.4528832,0.7784,18.05054152,1.0,15.27857202,770.1571429,0.0006695120931,0.8099
18,410150,ARAPONGAS,29.64800957,0.7831,12.16665193,0.8514,5.199423904,919.3285714,0.1639441346,0.8346
19,410160,ARAPOTI,25.761783,0.7549,21.74588381,0.8498,1.350676013,131.6571429,0.876436048,0.8533
20,410165,ARAPUA,33.06322876,0.7276,39.44773176,1.0,3.400666531,317.275,0.4807692308,0.7761
21,410170,ARARUNA,29.58026219,0.7756,33.20607651,1.0,163.0478008,1149.057143,0.007671653241,0.6814
22,410180,ARAUCARIA,17.87000993,0.8048,130.6155204,0.667,75.11435679,272.4714286,0.009667852906,0.7905
23,410185,ARIRANHA DO IVAI,28.94336692,0.7732,62.08609272,1.0,25.8692053,286.2,4.91350211,0.8591
24,410190,ASSAI,18.99468238,0.7491,40.09456567,1.0,16.77262707,1261.328571,0.002574831027,0.5855
25,410200,ASSIS CHATEAUBRIAND,18.9099959,0.7498,114.7728775,1.0,1.83577859,550.35,0.1128915837,0.8179
26,410210,ASTORGA,23.79411125,0.7677,22.02833864,1.0,1.442904278,874.9285714,0.2008562919,0.8125
27,410220,ATALAIA,25.3916897,0.7362,130.7457786,1.0,0.0,717.5,0.9771689498,0.8428
28,410230,BALSA NOVA,20.32121679,0.7029,17.9073932,1.0,25.58199028,168.54,0.1558301988,0.8272
29,410240,BANDEIRANTES,22.37385164,0.7465,14.66447677,0.7816,2.094925253,1349.542857,0.01906013802,0.8604
30,410250,BARBOSA FERRAZ,29.86603003,0.7203,24.02366629,1.0,140.9653146,790.3571429,0.34372502,0.8061
31,410260,BARRACAO,17.58503964,0.7514,14.31024614,1.0,2.862049227,796.2428571,0.1179347826,0.6426
32,410270,BARRA DO JACARE,26.84566029,0.6825,46.24990365,1.0,53.95822092,628.7,0.0494011976,0.7739
33,410275,BELA VISTA DA CAROBA,29.19541281,0.6986,0.0,1.0,25.82644628,657.9714286,0.1558109834,0.8046
34,410280,BELA VISTA DO PARAISO,26.85528638,0.7065,24.47869447,1.0,12.08824418,934.2428571,0.0002941176471,0.764
35,410290,BITURUNA,19.3442783,0.7252,70.80402965,1.0,142.558449,793.1857143,0.3549582947,0.7838
36,410300,BOA ESPERANCA,28.23085336,0.7852,31.74053555,1.0,294.3213296,1378.671429,0.09513023783,0.8045
37,410302,BOA ESPERANCA DO IGUACU,30.70781109,0.7731,47.04053667,1.0,12.27144435,1157.371429,0.337408313,0.6651
38,410304,BOA VENTURA DE SAO ROQUE,23.31343893,0.7278,116.2930827,1.0,123.5237407,1226.414286,0.002364066194,0.7117
39,410305,BOA VISTA DA APARECIDA,22.65854786,0.7393,31.99630558,0.8093,3.298588204,125.025,0.02051621443,0.6992
40,410310,BOCAIUVA DO SUL,18.93698842,0.6217,18.46210653,1.0,35.38570418,426.8428571,0.02283653846,0.7086
41,410315,BOM JESUS DO SUL,29.2190424,0.742,30.01112608,1.0,64.41412426,962.5571429,0.1306884481,0.7974
42,410320,BOM SUCESSO,29.71526857,0.7258,19.46953852,1.0,0.0,784.0428571,0.000872600349,0.7113
43,410322,BOM SUCESSO DO SUL,26.54446525,0.754,53.8141994,1.0,200.1510574,784.5857143,0.08,0.7072
44,410330,BORRAZOPOLIS,35.40040609,0.7396,17.88908766,1.0,0.0,772.3714286,0.01604621309,0.8371
45,410335,BRAGANEY,23.68172342,0.7652,26.79254912,1.0,0.0,106.5,0.07939698492,0.7623
46,410337,BRASILANDIA DO SUL,30.97739401,0.657,60.98111844,1.0,58.7225585,619.3142857,0.2263450835,0.7028
47,410340,CAFEARA,24.47651059,0.7662,16.19345784,1.0,21.59127712,1234.885714,0.01046025105,0.6674
48,410345,CAFELANDIA,20.79653707,0.8229,36.17536006,1.0,0.0,68.26666667,0.009880609304,0.625
49,410347,CAFEZAL DO SUL,36.39131501,0.7227,30.63655963,1.0,116.3054578,449.9142857,0.5068493151,0.786
50,410350,CALIFORNIA,28.27363076,0.7365,26.95244818,0.8504,1.604312392,610.5571429,0.00624609619,0.6634
51,410360,CAMBARA,29.08042917,0.7094,8.60115801,0.7547,27.79642527,243.3285714,0.01856763926,0.7384
52,410370,CAMBE,23.86654006,0.7629,28.38986501,1.0,86.34899596,1047.471429,0.02949033016,0.8409
53,410380,CAMBIRA,28.76773585,0.8152,21.66955594,1.0,1.666888919,789.5571429,2.108556833,0.8208
54,410390,CAMPINA DA LAGOA,28.40937536,0.7105,11.62340178,1.0,110.0700926,744.6285714,0.04542278127,0.777
55,410395,CAMPINA DO SIMAO,20.03938301,0.6895,109.5966108,0.5651,170.3812857,851.8571429,0.564516129,0.757
56,410400,CAMPINA GRANDE DO SUL,20.45842763,0.7168,18.51439671,1.0,24.78703385,810.4571429,0.0007580064431,0.7663
57,410405,CAMPO BONITO,22.00045824,0.7692,38.79878948,1.0,0.0,206.3666667,0.7174254317,0.8362
58,410410,CAMPO DO TENENTE,19.91667312,0.6694,52.77897458,0.7407,35.00646273,181.425,0.02066115702,0.6732
59,410420,CAMPO LARGO,20.76097059,0.759,31.81073789,0.9528,5.596333518,107.7428571,0.001552708923,0.8555
60,410425,CAMPO MAGRO,19.34506931,0.6971,21.22015915,0.774,18.42027704,303.4714286,0.7023319616,0.8764
61,410430,CAMPO MOURAO,28.64221712,0.8159,12.85465973,1.0,390.9270556,1216.214286,0.02699478938,0.8178
62,410440,CANDIDO DE ABREU,26.62409502,0.5996,0.0,1.0,6.965035522,464.3,1.255319149,0.8177
63,410442,CANDOI,18.67872627,0.7287,12.25430126,1.0,84.55467869,598.9285714,0.01947148818,0.6467
64,410445,CANTAGALO,20.9331473,0.6767,11.829653,1.0,89.37960042,272.4142857,0.02959183673,0.7306
65,410450,CAPANEMA,31.60734627,0.7832,19.19178267,1.0,15.5426409,860.8142857,0.007142857143,0.7684
66,410460,CAPITAO LEONIDAS MARQUES,22.86627586,0.7655,18.39720004,0.7236,0.0,78.86666667,0.06573913043,0.8683
67,410465,CARAMBEI,27.03029115,0.7893,10.61594442,0.7329,1.098201147,137.7333333,0.06505728314,0.7591
68,410470,CARLOPOLIS,31.24257682,0.6997,10.8074726,0.7483,11.57943492,238.78,0.130777903,0.8254
69,410480,CASCAVEL,21.31588314,0.8266,54.07638883,1.0,2.822358498,26.95714286,0.003112251335,0.8051
70,410490,CASTRO,31.51845345,0.7606,12.02084358,0.9219,3.913763027,770.6428571,1.287475453,0.8583
71,410500,CATANDUVAS,22.21973711,0.711,40.53966401,0.9706,0.0,#DIV/0!,0.6023017903,0.7906
72,410510,CENTENARIO DO SUL,28.39533525,0.7776,16.39202296,0.9838,28.45407759,891.5714286,0.0373280943,0.7238
73,410520,CERRO AZUL,25.92032504,0.5883,4.990916532,1.0,3.992733226,281.5285714,0.07776904949,0.7222
74,410530,CEU AZUL,21.01053859,0.7877,36.65653789,1.0,6.029035837,52.6,0.02205537306,0.5679
75,410540,CHOPINZINHO,21.47754098,0.7717,59.09038373,0.8317,46.9544614,825.2142857,0.08148977877,0.8415
76,410550,CIANORTE,30.08982458,0.8199,66.62586699,1.0,737.250102,377.1142857,0.01706936867,0.8077
77,410560,CIDADE GAUCHA,25.88632307,0.7535,21.9864526,1.0,102.4475132,489.175,1.003767492,0.8298
78,410570,CLEVELANDIA,23.06874836,0.6628,18.62197393,0.8982,27.3350076,644.9857143,0.07380319149,0.7044
79,410580,COLOMBO,19.20442125,0.7138,24.83476341,0.8737,42.14213444,340.4571429,0.01277519163,0.7716
80,410590,COLORADO,25.15807526,0.7502,53.56817622,1.0,0.5356817622,1203.957143,0.7805026348,0.8499
81,410600,CONGONHINHAS,21.59387495,0.6584,30.38647802,0.9061,6.330516254,757.5857143,1.433868974,0.7731
82,410610,CONSELHEIRO MAIRINCK,32.95653314,0.6996,32.85968028,0.7517,31.97158082,411.28,0.04225352113,0.6707
83,410620,CONTENDA,19.8136215,0.6833,38.46904901,1.0,86.89709041,191.4833333,0.00936329588,0.7579
84,410630,CORBELIA,21.08777071,0.7389,11.10465712,0.8778,0.854204394,99.7,0.04985241063,0.898
85,410640,CORNELIO PROCOPIO,21.59488705,0.7545,19.46200383,1.0,2.011576623,1184.928571,0.05039554644,0.8135
86,410645,CORONEL DOMINGOS SOARES,17.87144429,0.6864,29.92776058,1.0,12.38390093,1123.885714,2.548192771,0.8426
87,410650,CORONEL VIVIDA,22.81221375,0.7614,34.04412217,1.0,9.832237449,569.3428571,0.001937046005,0.6562
88,410655,CORUMBATAI DO SUL,27.85180169,0.6918,20.01931275,1.0,967.9926517,966.1,1.089311859,0.8533
89,410657,CRUZEIRO DO IGUACU,29.85050648,0.743,0.0,1.0,10.07319858,907.8,0.01044386423,0.6464
90,410660,CRUZEIRO DO OESTE,33.56397813,0.7471,43.42539517,1.0,37.84213008,610.8571429,0.01018675722,0.864
91,410670,CRUZEIRO DO SUL,23.4959297,0.6603,146.1519487,0.9351,9.250123335,835.2428571,0.02767749699,0.7427
92,410680,CRUZ MACHADO,30.12320077,0.6737,24.53596067,1.0,41.92552502,670.6428571,0.1030011115,0.7413
93,410685,CRUZMALTINA,29.4765271,0.7546,0.0,0.5237,0.0,309.4,0.3542757417,0.7388
94,410690,CURITIBA,19.65658793,0.884,62.06456751,1.0,69.14742024,155.1285714,5.424072032e-05,0.6364
95,410700,CURIUVA,29.38216798,0.6485,32.16622112,1.0,3.260089978,415.9714286,65.3169907,0.9505
96,410710,DIAMANTE DO NORTE,28.65288188,0.7602,85.6836844,1.0,15.61942164,1004.428571,0.05825242718,0.6653
97,410712,DIAMANTE DO SUL,18.04621468,0.6856,0.0,0.999,0.0,210.1,0.04814004376,0.7434
98,410715,DIAMANTE D'OESTE,18.20935058,0.6758,0.0,0.9672,0.0,123.5,0.08203991131,0.5553
99,410720,DOIS VIZINHOS,30.90578856,0.8389,25.16694071,1.0,52.01167746,742.4714286,0.0007893905905,0.6778
100,410725,DOURADINA,35.56582944,0.8274,0.0,1.0,69.37091533,471.6833333,0.4957865169,0.8344
101,410730,DOUTOR CAMARGO,18.75126377,0.7371,87.57876749,1.0,0.0,612.2285714,0.07867494824,0.7517
102,410740,ENEAS MARQUES,29.78829023,0.7266,174.8562345,1.0,105.1942587,826.9,0.4303912648,0.8394
103,410750,ENGENHEIRO BELTRAO,31.49784679,0.7572,18.37121582,1.0,347.8804698,1099.042857,0.001519756839,0.5733
104,410752,ESPERANCA NOVA,34.04200042,0.7682,6.113964294,1.0,158.9630717,583.38,0.09160305344,0.7909
105,410753,ENTRE RIOS DO OESTE,18.23112284,0.7313,0.0,1.0,0.0,190.68,0.4240654206,0.7488
106,410754,ESPIGAO ALTO DO IGUACU,18.93812846,0.6859,40.6454744,1.0,3.033244358,131.8,0.2334152334,0.9155
107,410755,FAROL,30.58919103,0.7076,0.0,0.6617,448.6453524,1219.171429,0.008635578584,0.7114
108,410760,FAXINAL,26.23192329,0.7213,14.35175141,1.0,1.668808304,727.4142857,0.004905166776,0.6822
109,410765,FAZENDA RIO GRANDE,19.21680526,0.7429,31.9116551,1.0,51.69898072,114.0285714,0.003247063318,0.6102
110,410770,FENIX,32.71990013,0.7179,50.2002941,1.0,187.6172608,1032.128571,0.2265084075,0.7046
111,410773,FERNANDES PINHEIRO,21.05238642,0.7447,78.38098297,1.0,0.0,704.2714286,1.047133758,0.8292
112,410775,FIGUEIRA,45.23681187,0.7301,22.92689228,1.0,11.30198915,285.9285714,0.05648267009,0.6973
113,410780,FLORAI,20.90073351,0.7868,60.01500375,1.0,0.0,506.5142857,0.004170141785,0.7809
114,410785,FLOR DA SERRA DO SUL,28.82418956,0.7303,26.93965517,1.0,41.90613027,992.9428571,0.1145833333,0.6704
115,410790,FLORESTA,18.8667928,0.7657,41.99720019,1.0,0.0,608.5571429,0.008849557522,0.7399
116,410800,FLORESTOPOLIS,30.17919879,0.735,23.0285495,1.0,17.71426884,1300.128571,0.2149046794,0.8246
117,410810,FLORIDA,31.26046457,0.7262,126.607717,0.9964,0.0,599.9666667,0.9264990329,0.7755
118,410820,FORMOSA DO OESTE,19.84693947,0.7871,67.81475863,1.0,0.0,130.35,0.07100238663,0.6899
119,410830,FOZ DO IGUACU,25.03988927,0.7686,32.10617046,0.9618,131.2078793,354.9285714,0.001716579517,0.73
120,410832,FRANCISCO ALVES,33.15192789,0.6437,91.65496341,1.0,136.7432922,519.0714286,0.06950672646,0.7976
121,410840,FRANCISCO BELTRAO,30.3868723,0.8106,36.23297577,0.766,52.91822345,981.1428571,0.6201363249,0.8418
122,410845,FOZ DO JORDAO,16.59351717,0.6695,41.82290164,1.0,100.9518316,459.1857143,0.02453102453,0.7446
123,410850,GENERAL CARNEIRO,16.86734899,0.6868,18.3670541,0.8486,57.39704405,644.4,0.01772853186,0.6885
124,410855,GODOY MOREIRA,36.56741655,0.691,0.0,1.0,0.0,793.7833333,2.628851541,0.8449
125,410860,GOIOERE,22.08892057,0.7518,40.87453335,1.0,293.3883172,977.2428571,0.01322051824,0.7714
126,410865,GOIOXIM,21.51363727,0.695,99.49753744,1.0,44.77389185,700.3714286,0.002895752896,0.6
127,410870,GRANDES RIOS,27.6496792,0.6841,0.0,1.0,0.0,705.8571429,0.5173058934,0.762
128,410880,GUAIRA,31.55996898,0.7288,57.40679644,1.0,0.4713201678,842.9,0.001099908341,0.7145
129,410890,GUAIRACA,30.59347832,0.6946,3.32623736,1.0,19.95742416,984.9428571,0.02971137521,0.6581
130,410895,GUAMIRANGA,21.06729899,0.7377,22.73994937,1.0,0.0,411.7428571,0.566967954,0.7775
131,410900,GUAPIRAMA,28.034618,0.7479,0.0,1.0,19.07960009,453.08,0.09131736527,0.6573
132,410910,GUAPOREMA,24.57478736,0.733,151.3932007,1.0,396.6885133,674.4333333,0.04474272931,0.8301
133,410920,GUARACI,29.45857575,0.623,12.4769177,0.6357,14.97230124,1176.7,0.03162055336,0.7115
134,410930,GUARANIACU,20.67604707,0.7382,28.71205906,1.0,3.076292043,91.23333333,0.006276150628,0.6505
135,410940,GUARAPUAVA,19.9721579,0.7848,55.90578056,1.0,95.19814785,649.3,0.004110554338,0.7312
136,410950,GUARAQUECABA,19.45947507,0.579,0.0,1.0,0.0,440.7571429,0.1401869159,0.7722
137,410960,GUARATUBA,19.29200972,0.6883,16.64628614,1.0,36.29048164,436.3571429,0.5327917282,0.8573
138,410965,HONORIO SERPA,23.42180087,0.7268,34.50345035,1.0,24.00240024,397.4714286,0.02485207101,0.707
139,410970,IBAITI,38.71829667,0.7211,6.293457849,0.8966,22.83916155,592.3,0.1761904762,0.9089
140,410975,IBEMA,23.47753217,0.7455,43.32414336,1.0,4.923198109,282.95,0.03860640301,0.756
141,410980,IBIPORA,21.53036815,0.7714,8.602081597,1.0,20.83734051,1217.342857,0.02834213734,0.714
142,410990,ICARAIMA,34.31941624,0.6951,74.84335113,1.0,59.46855419,498.9714286,0.01292596945,0.6259
143,411000,IGUARACU,22.52294318,0.7876,53.7575625,1.0,0.0,1075.471429,2.717579251,0.8209
144,411005,IGUATU,24.72665156,0.7102,89.95672967,0.9118,5.693463903,238.1,0.1431767338,0.7018
145,411007,IMBAU,21.1928525,0.6345,20.33255015,1.0,9.036688957,776.2857143,0.07028942705,0.7529
146,411010,IMBITUVA,19.39643149,0.7521,62.92906178,1.0,1.906941266,412.2,0.006796116505,0.6988
147,411020,INACIO MARTINS,22.39356309,0.6514,47.72727273,1.0,0.0,451.8428571,0.01343283582,0.6442
148,411030,INAJA,24.86765827,0.7666,131.9952988,1.0,45.20386945,971.1857143,0.3303886926,0.8436
149,411040,INDIANOPOLIS,30.19561914,0.74,80.91051297,1.0,347.9152058,509.38,0.02676659529,0.7505
150,411050,IPIRANGA,26.197033,0.6612,28.44492151,1.0,6.708707903,195.7833333,0.01413612565,0.6843
151,411060,IPORA,37.58137446,0.7126,26.70292585,0.4606,83.54903181,628.4,0.01602878639,0.744
152,411065,IRACEMA DO OESTE,17.84935392,0.7384,62.36442516,1.0,0.0,#DIV/0!,0.2369565217,0.8392
153,411070,IRATI,24.6479862,0.7696,156.9080361,1.0,1.342930812,630.1142857,0.0173096976,0.7686
154,411080,IRETAMA,38.30387148,0.7429,23.07732199,0.9367,167.2457605,908.9285714,0.004624871531,0.683
155,411090,ITAGUAJE,21.60286643,0.7225,0.0,1.0,0.0,1049.957143,0.9526774595,0.8963
156,411095,ITAIPULANDIA,22.62463358,0.8323,251.7725753,1.0,343.812709,245.0714286,0.02372881356,0.6345
157,411100,ITAMBARACA,21.22780884,0.6998,18.08187473,1.0,1.808187473,956.3,0.03909026297,0.8659
158,411110,ITAMBE,24.96573163,0.7207,119.8360139,0.7315,0.0,746.5142857,0.03283052351,0.789
159,411120,ITAPEJARA D'OESTE,25.50773966,0.7761,18.66847129,1.0,74.67388514,662.1142857,0.06149012567,0.6871
160,411125,ITAPERUCU,20.88349208,0.5851,3.568737856,1.0,28.74816607,256.5333333,0.1227938415,0.7486
161,411130,ITAUNA DO SUL,28.94120756,0.6345,31.83146685,0.9896,34.72523657,1146.914286,0.2404371585,0.8412
162,411140,IVAI,24.84648223,0.711,4.630386229,1.0,2.723756605,139.15,0.03148345784,0.6488
163,411150,IVAIPORA,29.72227043,0.7463,19.32919099,1.0,1.956395849,775.1,0.001998155549,0.5777
164,411155,IVATE,36.10843282,0.754,49.42595836,1.0,91.457482,542.5,0.04150943396,0.8062
165,411160,IVATUBA,18.90294173,0.7769,190.3781837,0.889,4.28779693,744.1333333,0.8851913478,0.748
166,411170,JABOTI,28.9685079,0.7065,0.0,1.0,15.4146542,296,0.06391347099,0.7197
167,411180,JACAREZINHO,31.13428666,0.7455,16.33664119,0.813,74.46469006,109.4333333,0.02172295789,0.8436
168,411190,JAGUAPITA,26.58295309,0.8043,6.538939384,0.9912,29.42522723,1076.114286,0.007086285952,0.6989
169,411200,JAGUARIAIVA,20.79720469,0.7577,13.08931674,1.0,2.974844713,758.1714286,0.1938822447,0.7816
170,411210,JANDAIA DO SUL,29.87230013,0.7887,19.45457704,1.0,0.0,767.4428571,0.05630630631,0.7685
171,411220,JANIOPOLIS,32.2051665,0.7446,39.17974872,1.0,149.414296,1100.714286,0.2641046607,0.8037
172,411230,JAPIRA,35.24501653,0.5705,0.0,1.0,39.59455179,354.3,0.8981481481,0.8414
173,411240,JAPURA,28.52800662,0.7886,53.19148936,1.0,339.1921061,369.2,0.02504911591,0.6776
174,411250,JARDIM ALEGRE,37.72066543,0.649,21.96704943,1.0,22.96555167,472.1714286,0.007185628743,0.7301
175,411260,JARDIM OLINDA,20.41875216,0.7056,11.45737855,1.0,34.37213566,1330.671429,0.8080357143,0.821
176,411270,JATAIZINHO,34.99305284,0.6712,38.59745858,0.8805,22.55695631,1476.185714,0.06168042739,0.6693
177,411275,JESUITAS,18.18276421,0.7526,23.87737811,1.0,1.283730006,120.625,0.002073613271,0.6544
178,411280,JOAQUIM TAVORA,31.38502286,0.8093,17.78545658,1.0,36.84130291,229.22,0.1242454728,0.7653
179,411290,JUNDIAI DO SUL,30.2960735,0.7233,0.0,1.0,22.44333059,327.7333333,0.1772525849,0.8244
180,411295,JURANDA,26.75332336,0.7604,22.81089036,1.0,182.1192053,940.1714286,0.1197183099,0.804
181,411300,JUSSARA,28.70558098,0.7941,86.08142388,0.7866,503.18127,689.175,0.01517571885,0.7266
182,411310,KALORE,38.37048643,0.7682,26.992658,1.0,7.198042133,724.2,0.1586073501,0.7287
183,411320,LAPA,19.30930391,0.6846,15.76044129,1.0,65.44009319,69.74285714,0.01661173368,0.7829
184,411325,LARANJAL,23.63410399,0.6404,83.61504711,1.0,7.192692225,1122.842857,0.04584527221,0.7416
185,411330,LARANJEIRAS DO SUL,25.08308081,0.7515,4.327422395,1.0,59.62226411,294.3142857,0.08929233049,0.8716
186,411340,LEOPOLIS,23.61615759,0.6902,0.0,1.0,2.796264191,1156.314286,0.004390779363,0.5229
187,411342,LIDIANOPOLIS,33.63203408,0.741,29.96732595,0.6057,0.0,854.0142857,0.451536643,0.8319
188,411345,LINDOESTE,22.43259125,0.732,41.41774185,0.7303,12.55083087,103.6,0.04325955734,0.7652
189,411350,LOANDA,31.06482609,0.7345,18.73160289,0.6126,72.25046829,1125.514286,0.003359173127,0.7037
190,411360,LOBATO,27.31957012,0.7523,170.5260508,1.0,0.0,1111.214286,0.03033838973,0.7307
191,411370,LONDRINA,17.93915914,0.8006,41.43812948,1.0,66.88173154,536.0714286,0.00509005848,0.7831
192,411373,LUIZIANA,28.69869318,0.7008,0.0,1.0,117.5406872,1172.414286,0.1647577093,0.8358
193,411375,LUNARDELLI,39.37511919,0.7374,7.176003444,1.0,23.92001148,431.8428571,31.97353497,0.8943
194,411380,LUPIONOPOLIS,25.51497653,0.6548,0.0,1.0,10.5374078,1363.457143,0.04329896907,0.5977
195,411390,MALLET,28.91436382,0.7948,47.36308763,0.9186,2.202934308,277.1285714,0.01628106255,0.6587
196,411400,MAMBORE,28.34411781,0.7233,52.55613951,1.0,192.1518935,989.7,0.05032467532,0.7418
197,411410,MANDAGUACU,19.92488166,0.7465,173.2546547,0.7899,2.020855226,603.9142857,0.01748606183,0.9109
198,411420,MANDAGUARI,26.33485806,0.8109,41.83418853,1.0,0.3702140578,1043.771429,0.04924081169,0.7598
199,411430,MANDIRITUBA,18.33821421,0.6556,17.88644127,1.0,21.51752333,137.9571429,0.3161503301,0.7961
200,411435,MANFRINOPOLIS,33.58347633,0.5877,67.10671067,1.0,77.00770077,867.9428571,3.231818182,0.8041
201,411440,MANGUEIRINHA,22.7515781,0.716,53.60824742,0.9418,24.74226804,577.8666667,0.06746506986,0.8566
202,411450,MANOEL RIBAS,29.68555169,0.6972,0.0,1.0,8.065445328,602.7142857,0.0004484304933,0.7567
203,411460,MARECHAL CANDIDO RONDON,18.80647016,0.8191,67.62028609,0.9846,0.2766787483,263.2571429,0.0282998944,0.7571
204,411470,MARIA HELENA,34.5876446,0.7269,31.73873045,1.0,87.39650414,379.1857143,0.06451612903,0.7335
205,411480,MARIALVA,19.65206224,0.7921,75.49923195,1.0,0.3840245776,533.3857143,0.5539705882,0.8981
206,411490,MARILANDIA DO SUL,22.71109045,0.7055,0.0,1.0,1.617599482,771.9571429,0.01388012618,0.7294
207,411500,MARILENA,32.66848571,0.7014,35.29069344,0.8028,18.19107909,1198.928571,1.330995792,0.8399
208,411510,MARILUZ,31.12087202,0.6632,63.46628166,1.0,28.57486615,627.3714286,0.0329144225,0.7318
209,411520,MARINGA,18.23302942,0.8345,83.51582396,1.0,110.9464643,595.5142857,0.0003770739065,0.6592
210,411530,MARIOPOLIS,22.98339594,0.7536,30.16810919,1.0,20.80559254,622.5714286,0.04089815557,0.6169
211,411535,MARIPA,16.43310041,0.8056,46.54148612,1.0,0.0,143.3,25.73233909,0.9194
212,411540,MARMELEIRO,31.01339642,0.7893,14.23284942,1.0,141.6815465,911.6285714,0.06141672946,0.8144
213,411545,MARQUINHO,24.61677083,0.7396,57.39072406,1.0,56.72339006,326.94,0.2741721854,0.9055
214,411550,MARUMBI,34.06138925,0.7711,32.19530907,0.8046,2.740026304,702.1428571,0.1102863203,0.8352
215,411560,MATELANDIA,23.4118234,0.7833,66.2456549,1.0,138.3151036,1206.728571,0.002092779909,0.7737
216,411570,MATINHOS,15.97718667,0.6518,13.90103361,1.0,16.44208276,466.8285714,0.01031920748,0.7447
217,411573,MATO RICO,36.49832095,0.7174,0.0,0.7535,20.77619879,321.8166667,0.583747927,0.8207
218,411575,MAUA DA SERRA,23.31327823,0.708,30.22820163,1.0,0.0,889.0142857,0.8603351955,0.9271
219,411580,MEDIANEIRA,21.24784926,0.8203,140.4468506,1.0,160.1462575,489.0285714,0.0002660989888,0.5855
220,411585,MERCEDES,24.40725175,0.7984,23.38445659,1.0,0.0,221.025,0.06766917293,0.6338
221,411590,MIRADOR,26.31489256,0.7372,95.04412763,1.0,101.8329939,1014.157143,3.767567568,0.862
222,411600,MIRASELVA,32.56535057,0.6896,58.97490886,1.0,16.08406605,807.2142857,0.6602972399,0.9043
223,411605,MISSAL,19.64187764,0.7263,108.3150271,1.0,106.5750266,226.4571429,0.002545608825,0.6627
224,411610,MOREIRA SALES,29.50939089,0.7016,30.0757678,1.0,107.0003277,1126.142857,0.01661004153,0.7373
225,411620,MORRETES,20.79444547,0.6111,20.70772783,0.8732,4.581355715,499.5285714,0.03769481696,0.8766
226,411630,MUNHOZ DE MELO,31.37385815,0.7355,0.0,1.0,8.949346698,793.9857143,0.1602787456,0.6733
227,411640,NOSSA SENHORA DAS GRACAS,27.96080762,0.7096,62.78216704,1.0,0.0,1157.185714,0.3538873995,0.8995
228,411650,NOVA ALIANCA DO IVAI,26.82054747,0.7518,48.61448712,1.0,72.92173068,1668.8,0.2336448598,0.7961
229,411660,NOVA AMERICA DA COLINA,20.0673599,0.6733,18.75,1.0,0.0,1047.485714,0.05528455285,0.7388
230,411670,NOVA AURORA,19.9474135,0.7924,51.25065197,0.8776,0.0,172.35,0.005449591281,0.7107
231,411680,NOVA CANTU,27.63935663,0.7376,0.0,1.0,303.4580099,900.5428571,0.02068965517,0.6689
232,411690,NOVA ESPERANCA,20.20336166,0.7589,50.47420949,0.8588,0.9541438467,546.4571429,0.07586079912,0.8191
233,411695,NOVA ESPERANCA DO SUDOESTE,28.99125713,0.6967,27.05627706,1.0,48.41649578,1076.128571,0.1209766926,0.6197
234,411700,NOVA FATIMA,19.94071459,0.7401,0.0,1.0,1.622165266,1128.314286,1.098852041,0.8015
235,411705,NOVA LARANJEIRAS,20.88532676,0.5982,0.0,1.0,33.67931172,254.8428571,0.007334963325,0.7512
236,411710,NOVA LONDRINA,31.34601249,0.7864,38.86010363,0.8228,20.1000536,859.6142857,0.05128205128,0.6976
237,411720,NOVA OLIMPIA,29.9605178,0.742,20.96344499,1.0,43.67384373,521.7571429,0.01649305556,0.717
238,411721,NOVA SANTA BARBARA,18.59753846,0.6816,43.05396096,1.0,0.0,1149.385714,0.3822222222,0.7973
239,411722,NOVA SANTA ROSA,17.81258415,0.7698,29.2371221,1.0,0.0,418.8285714,0.01347393087,0.7395
240,411725,NOVA PRATA DO IGUACU,26.76870561,0.728,21.5285253,1.0,24.21959096,959.3857143,0.02572178478,0.7799
241,411727,NOVA TEBAS,37.20841061,0.6776,0.0,1.0,16.69588446,537.3714286,0.02724077329,0.5657
242,411729,NOVO ITACOLOMI,31.17740112,0.7147,0.0,1.0,0.0,791.0428571,0.744149766,0.9153
243,411730,ORTIGUEIRA,21.30629663,0.7515,7.683479079,0.5834,4.321956982,288.6428571,0.003781268179,0.6431
244,411740,OURIZONA,25.17058618,0.7785,105.2096938,0.8074,0.0,712.0714286,0.01865136298,0.7248
245,411745,OURO VERDE DO OESTE,17.32018563,0.754,28.3452253,0.7588,0.0,#DIV/0!,0.08798486282,0.6322
246,411750,PAICANDU,19.16247815,0.7185,67.55944716,1.0,0.4292213924,641.2285714,0.02771474878,0.7654
247,411760,PALMAS,18.37689643,0.6801,13.16521849,1.0,7.499175091,876.7428571,0.03014691853,0.7869
248,411770,PALMEIRA,25.68229262,0.7571,10.36216272,1.0,1.538935057,92.62857143,0.315727003,0.7614
249,411780,PALMITAL,27.74515612,0.6825,25.38013033,1.0,40.01371899,1199.371429,0.2796338673,0.8047
250,411790,PALOTINA,18.75848444,0.8596,59.11648068,0.6092,0.4611269944,63.18333333,0.08070484581,0.8977
251,411800,PARAISO DO NORTE,27.81001039,0.7872,62.77557731,0.8141,29.89313205,1018.442857,0.02942595273,0.6803
252,411810,PARANACITY,24.79126261,0.6967,30.54698189,1.0,0.0,1236.842857,0.7040194884,0.8532
253,411820,PARANAGUA,18.96970632,0.7177,11.69244829,0.9495,24.19127233,642.8285714,0.02028314028,0.7524
254,411830,PARANAPOEMA,25.04238314,0.697,53.40563635,1.0,49.29751048,1226.285714,0.6290322581,0.7256
255,411840,PARANAVAI,27.18494778,0.8165,57.09987778,0.9018,2.50712965,1010.571429,0.2657245941,0.8997
256,411845,PATO BRAGADO,19.94243066,0.7652,65.31166728,1.0,5.224933382,160.22,0.007077856421,0.7249
257,411850,PATO BRANCO,22.98145133,0.8292,105.6253405,0.9511,207.0849489,822.5285714,0.2495129627,0.8315
258,411860,PAULA FREITAS,29.83674832,0.7396,28.86230059,1.0,183.6691856,1176.528571,0.2202868852,0.917
259,411870,PAULO FRONTIN,26.1692142,0.7159,38.30041891,1.0,81.78735288,564.1857143,3.224313725,0.8917
260,411880,PEABIRU,29.53857492,0.7605,23.46004526,0.9334,225.2579567,1085.8,0.008881711748,0.8836
261,411885,PEROBAL,35.81616015,0.7409,24.25390372,1.0,32.3385383,476.0142857,0.020609319,0.8878
262,411890,PEROLA,37.30362802,0.7549,60.21829131,1.0,29.88775488,380.8571429,0.1283166594,0.7747
263,411900,PEROLA D'OESTE,30.48564735,0.6936,21.21340687,0.7673,21.21340687,900.3714286,0.015130674,0.7595
264,411910,PIEN,20.94584763,0.7651,16.64197213,1.0,48.31540295,315.6571429,0.0625,0.7618
265,411915,PINHAIS,19.70900837,0.7887,33.33899798,1.0,31.82499343,219.3714286,0.001627906977,0.8304
266,411920,PINHALAO,31.48335098,0.7558,48.2362317,0.9626,12.58336479,230.28,0.03317152104,0.8939
267,411925,PINHAL DE SAO BENTO,36.84202543,0.7531,63.65113759,0.8695,16.25135428,712.7714286,7.364948454,0.9002
268,411930,PINHAO,17.31013662,0.6777,24.80564648,0.682,32.60536007,974.1142857,0.0002446183953,0.727
269,411940,PIRAI DO SUL,25.60048706,0.7126,10.08452424,1.0,0.6634555418,279.85,0.008542583484,0.7321
270,411950,PIRAQUARA,21.09786648,0.6488,23.48297603,1.0,19.68774758,337.8428571,0.01229040471,0.714
271,411960,PITANGA,29.08143834,0.7667,33.47826545,1.0,121.5955868,1501.557143,0.05834378921,0.8458
272,411965,PITANGUEIRAS,26.75684547,0.7618,0.0,1.0,5.04999495,957.1,2.046511628,0.8327
273,411970,PLANALTINA DO PARANA,38.60173535,0.7167,29.54500689,0.7748,55.80723524,1255.7,0.3828425096,0.7533
274,411980,PLANALTO,31.03653085,0.7619,8.230020312,0.5112,2.626602227,793.6714286,0.005140507197,0.7609
275,411990,PONTA GROSSA,26.90276805,0.7602,26.43456436,1.0,1.812004999,105.7857143,0.001374064043,0.6989
276,411995,PONTAL DO PARANA,16.96130715,0.6175,25.01688402,1.0,68.48728705,502.9142857,0.007626971746,0.8437
277,412000,PORECATU,29.76572861,0.6546,11.14946095,1.0,6.786628403,928.1857143,4.109076743,0.9121
278,412010,PORTO AMAZONAS,19.11663427,0.7729,43.57595152,1.0,3.404371213,431,0.6831812256,0.9267
279,412015,PORTO BARREIRO,25.22413775,0.7603,47.64792515,1.0,125.6172572,512.85,0.8384353741,0.7819
280,412020,PORTO RICO,31.16928881,0.7656,0.0,0.9314,66.77999029,860.1428571,0.08920187793,0.8556
281,412030,PORTO VITORIA,23.61542193,0.761,0.0,1.0,240.8477842,1270.371429,0.006693440428,0.792
282,412033,PRADO FERREIRA,27.31214019,0.7325,81.11513624,0.6587,19.68813986,1102.571429,0.03215926493,0.7327
283,412035,PRANCHITA,31.54784676,0.7523,62.63701848,1.0,33.55554561,1218.557143,0.01237842617,0.8972
284,412040,PRESIDENTE CASTELO BRANCO,22.08634379,0.6721,70.44695886,0.9202,0.0,479.6142857,0.04234122042,0.666
285,412050,PRIMEIRO DE MAIO,26.43924607,0.6511,7.105589053,1.0,24.36201961,887.7571429,0.01652242329,0.782
286,412060,PRUDENTOPOLIS,24.08665372,0.7379,55.38711593,1.0,57.82514925,1315.457143,0.01466992665,0.798
287,412065,QUARTO CENTENARIO,23.19800984,0.7796,0.0,1.0,224.4737002,1181.428571,0.4363207547,0.8141
288,412070,QUATIGUA,31.91907865,0.7265,0.0,0.8712,34.54742868,216.8571429,0.1914626491,0.8337
289,412080,QUATRO BARRAS,19.57365014,0.839,20.8444682,1.0,75.71708534,656.6857143,0.009240924092,0.7254
290,412085,QUATRO PONTES,16.81030607,0.8156,81.37169427,1.0,0.0,219.5833333,0.08555555556,0.7902
291,412090,QUEDAS DO IGUACU,24.54012015,0.7075,24.22719276,1.0,0.502638854,48.46666667,0.08617731173,0.871
292,412100,QUERENCIA DO NORTE,30.18864649,0.6925,15.64548184,1.0,8.879868071,916.3285714,0.1748184019,0.966
293,412110,QUINTA DO SOL,33.01376864,0.7134,27.54704187,1.0,259.9310618,1165.2,0.3752834467,0.737
294,412120,QUITANDINHA,17.16340433,0.6929,16.42944849,1.0,8.647078152,141.55,0.02392183288,0.6429
295,412125,RAMILANDIA,21.46966872,0.6061,0.0,1.0,71.46618521,634.4142857,0.1376281113,0.6083
296,412130,RANCHO ALEGRE,25.90391306,0.7054,0.0,0.8271,0.0,1025.814286,0.06830907055,0.8193
297,412135,RANCHO ALEGRE D'OESTE,22.7255001,0.7237,0.0,1.0,335.7991045,474.5285714,0.01335877863,0.587
298,412140,REALEZA,28.31162323,0.7812,20.74261737,1.0,18.20916792,1005.814286,0.0217791411,0.7446
299,412150,REBOUCAS,28.57134361,0.725,123.4487121,1.0,1.090536326,506.3571429,0.01706484642,0.7163
300,412160,RENASCENCA,30.06552894,0.7761,45.83463757,0.8729,230.2911058,941.8,0.2150910668,0.8064
301,412170,RESERVA,22.1835362,0.6661,6.345487382,0.7932,0.0,552.0571429,0.01603498542,0.8422
302,412175,RESERVA DO IGUACU,14.74462958,0.6805,37.52966499,1.0,71.74788896,410.7333333,0.06262833676,0.7737
303,412180,RIBEIRAO CLARO,31.97382762,0.7428,13.71111487,1.0,38.71373612,439.8571429,0.0456950457,0.6708
304,412190,RIBEIRAO DO PINHAL,24.66845141,0.6811,11.07759027,1.0,4.7138682,1305.357143,0.006691449814,0.6637
305,412200,RIO AZUL,28.074615,0.6994,39.76714659,1.0,0.0,328.0142857,0.06813909774,0.8343
306,412210,RIO BOM,30.08039639,0.7243,9.829619921,1.0,0.0,804.8428571,0.2580645161,0.674
307,412215,RIO BONITO DO IGUACU,20.17687456,0.6822,7.152052639,0.8637,25.03218424,283.1142857,0.01788908766,0.9139
308,412217,RIO BRANCO DO IVAI,30.01673914,0.6511,0.0,1.0,0.0,529.04,0.05687203791,0.7199
309,412220,RIO BRANCO DO SUL,19.94432719,0.6681,23.50436826,0.787,41.39134034,263.3428571,0.002610966057,0.7606
310,412230,RIO NEGRO,20.10200198,0.7911,15.98903609,1.0,10.42763223,79.96666667,0.0001910584639,0.5321
311,412240,ROLANDIA,27.03040347,0.7983,17.90119106,1.0,14.3303498,1186.071429,0.02416591524,0.6943
312,412250,RONCADOR,33.9426004,0.7192,18.61783422,1.0,86.14221802,928.6857143,0.3293718166,0.9258
313,412260,RONDON,27.10454943,0.7445,303.8322062,1.0,405.1096083,584.9333333,1.655478151,0.8166
314,412265,ROSARIO DO IVAI,33.50820743,0.7258,40.89121887,1.0,0.0,455.6714286,0.075,0.6177
315,412270,SABAUDIA,29.31877555,0.8169,0.0,1.0,4.216562658,874.6142857,0.1076672104,0.7374
316,412280,SALGADO FILHO,25.64564429,0.7523,38.24463603,0.946,84.2678421,751.3857143,0.0157480315,0.6098
317,412290,SALTO DO ITARARE,30.22714986,0.7458,0.0,1.0,25.17047275,236.3166667,0.06751824818,0.7929
318,412300,SALTO DO LONTRA,28.62226265,0.7544,16.48694412,1.0,11.13982711,889.8,0.00390625,0.7567
319,412310,SANTA AMELIA,24.48259984,0.6393,55.86592179,1.0,0.0,1172.557143,0.0243902439,0.688
320,412320,SANTA CECILIA DO PAVAO,16.56986536,0.6506,34.72222222,1.0,7.30994152,1192.785714,0.1058823529,0.7995
321,412330,SANTA CRUZ DE MONTE CASTELO,31.31638346,0.6753,64.71011177,0.9012,6.536374926,1064.914286,0.04557124519,0.7864
322,412340,SANTA FE,29.85890686,0.7785,177.9557078,1.0,0.0,839.9142857,0.0233686067,0.6412
323,412350,SANTA HELENA,16.82560159,0.7776,51.88562469,1.0,0.0,187.075,0.02198665096,0.7142
324,412360,SANTA INES,21.87215983,0.6962,100.8912056,1.0,0.0,955.4428571,1.407407407,0.7945
325,412370,SANTA ISABEL DO IVAI,31.46527207,0.6842,39.75983989,1.0,42.69513009,1008.042857,0.1494736842,0.8413
326,412380,SANTA IZABEL DO OESTE,28.45955102,0.7679,10.01301692,1.0,22.02863723,695.6142857,0.01957773512,0.7811
327,412382,SANTA LUCIA,22.48526462,0.7082,104.1209308,1.0,3.136172615,182.2333333,0.1800766284,0.7812
328,412385,SANTA MARIA DO OESTE,26.47409389,0.6219,17.33740762,1.0,1.625381965,434.3857143,0.1191744341,0.8175
329,412390,SANTA MARIANA,23.00369974,0.7045,29.90916476,1.0,0.9231223691,819.9428571,0.007723427731,0.8278
330,412395,SANTA MONICA,29.61263183,0.6234,54.1651102,1.0,102.7269331,775.6142857,0.02893309222,0.6994
331,412400,SANTANA DO ITARARE,23.63537663,0.7204,24.67646414,1.0,10.96731739,321.05,0.2445414847,0.7301
332,412402,SANTA TEREZA DO OESTE,21.13109757,0.7572,134.3339587,0.8362,5.628517824,106.95,0.02058823529,0.6628
333,412405,SANTA TEREZINHA DE ITAIPU,25.09718484,0.7086,86.97947601,1.0,6.599353263,319.8285714,0.03216444982,0.7557
334,412410,SANTO ANTONIO DA PLATINA,27.65807136,0.6661,8.634401272,1.0,33.75856137,194.3428571,0.0419924338,0.8156
335,412420,SANTO ANTONIO DO CAIUA,26.60916988,0.6876,32.43944637,1.0,62.47597078,798.6,0.04725897921,0.6829
336,412430,SANTO ANTONIO DO PARAISO,14.65386465,0.6445,0.0,0.8048,0.0,1033.342857,1.85193133,0.7879
337,412440,SANTO ANTONIO DO SUDOESTE,25.77459523,0.7633,14.82742928,1.0,30.8293084,812.4857143,0.004246885617,0.6455
338,412450,SANTO INACIO,23.34822563,0.8075,28.24705307,1.0,0.0,1116.771429,0.01159114858,0.6848
339,412460,SAO CARLOS DO IVAI,26.3355148,0.7638,59.16351886,1.0,22.75519956,1139.571429,0.1014873141,0.7444
340,412470,SAO JERONIMO DA SERRA,17.50016228,0.5901,0.0,1.0,1.338867318,895.1428571,0.05522788204,0.8054
341,412480,SAO JOAO,23.37828798,0.7928,29.10707737,1.0,11.45947928,678.6714286,0.05548037889,0.7377
342,412490,SAO JOAO DO CAIUA,26.86773025,0.717,49.63965289,0.9247,31.86743149,992.1857143,0.0726744186,0.634
343,412500,SAO JOAO DO IVAI,34.22863062,0.7521,18.33277141,1.0,0.0,639.9571429,0.08336877924,0.8341
344,412510,SAO JOAO DO TRIUNFO,22.61090768,0.6787,15.49291946,1.0,1.359028023,121.8428571,0.04008438819,0.636
345,412520,SAO JORGE D'OESTE,28.24410953,0.7952,27.30905223,1.0,5.749274154,839.7,0.09060213844,0.6936
346,412530,SAO JORGE DO IVAI,26.26282796,0.7901,126.3494602,1.0,1.99920032,575.2857143,0.03813229572,0.7937
347,412535,SAO JORGE DO PATROCINIO,34.25177479,0.7043,19.34770591,0.959,64.49235305,451.3571429,0.0700729927,0.782
348,412540,SAO JOSE DA BOA VISTA,19.69796835,0.713,0.0,0.6046,12.46312991,385.175,0.317235637,0.7129
349,412545,SAO JOSE DAS PALMEIRAS,19.19170285,0.7147,7.870297497,1.0,0.0,131.6,0.01771336554,0.8088
350,412550,SAO JOSE DOS PINHAIS,19.7912031,0.7943,54.22536663,0.5222,81.44114,459.6571429,0.0004943289485,0.8099
351,412555,SAO MANOEL DO PARANA,28.01978549,0.7973,105.7240496,1.0,491.2430585,557.6,0.03099173554,0.6643
352,412560,SAO MATEUS DO SUL,27.63246749,0.7702,16.52602849,0.5948,266.2526813,883.5571429,1.235773657,0.8894
353,412570,SAO MIGUEL DO IGUACU,24.652861,0.7758,172.8543514,0.9552,84.81673144,195.8857143,0.001008674602,0.654
354,412575,SAO PEDRO DO IGUACU,16.87304976,0.6907,56.68844973,1.0,1.968348949,113.7333333,0.5911251981,0.8855
355,412580,SAO PEDRO DO IVAI,34.99049958,0.7099,5.582849486,1.0,0.0,705.0857143,0.2189859763,0.8221
356,412590,SAO PEDRO DO PARANA,32.42220723,0.6796,84.26064627,1.0,139.0969399,1227.871429,0.2760084926,0.7683
357,412600,SAO SEBASTIAO DA AMOREIRA,18.60367687,0.6536,20.81456398,1.0,3.106651341,968.6428571,0.1332127788,0.7167
358,412610,SAO TOME,28.66809798,0.7532,129.2705448,0.5133,619.1950464,597.15,0.03870292887,0.7378
359,412620,SAPOPEMA,23.42468968,0.6973,0.0,1.0,2.42341993,835,0.1614481409,0.6776
360,412625,SARANDI,27.48634466,0.7192,40.85438275,0.7693,0.3868786246,705.1571429,0.004465919906,0.7668
361,412627,SAUDADE DO IGUACU,19.12066201,0.8061,51.08200984,1.0,89.16132627,878.4571429,0.02459893048,0.6949
362,412630,SENGES,19.52611982,0.7538,0.0,1.0,0.0,167.3833333,0.8262531861,0.7912
363,412635,SERRANOPOLIS DO IGUACU,23.51242455,0.6954,36.61815148,1.0,162.2323167,862.7,0.009099181074,0.7593
364,412640,SERTANEJA,25.40723645,0.7847,13.08112916,0.9974,0.0,1322.266667,0.04368174727,0.7694
365,412650,SERTANOPOLIS,19.56084828,0.7541,17.14990944,1.0,24.04192912,1045.7,0.02352212937,0.8936
366,412660,SIQUEIRA CAMPOS,30.06147108,0.783,2.17817469,0.9436,11.61693168,237.6142857,0.04353932584,0.7903
367,412665,SULINA,20.24981328,0.754,17.92243172,1.0,43.01383612,652.9,1.223512337,0.8189
368,412667,TAMARANA,18.47074559,0.6599,40.84947216,1.0,30.7601447,689.2285714,0.08610201217,0.7832
369,412670,TAMBOARA,26.95495673,0.7669,58.26814135,1.0,21.58079309,943.8714286,0.007291666667,0.8585
370,412680,TAPEJARA,31.34202319,0.7511,49.20829324,1.0,238.3868428,449.45,0.03901006711,0.6804
371,412690,TAPIRA,36.11599009,0.7206,17.66217084,0.7521,62.08520659,532.5428571,0.03879310345,0.7481
372,412700,TEIXEIRA SOARES,25.45280548,0.7171,63.24472961,1.0,1.527650474,484.0857143,0.1031518625,0.7416
373,412710,TELEMACO BORBA,23.75664817,0.7806,28.10935319,1.0,2.44004802,878.6,0.003206337231,0.6592
374,412720,TERRA BOA,29.11321236,0.7734,32.15758902,1.0,487.4147656,1039.728571,0.0251223491,0.8509
375,412730,TERRA RICA,34.03995753,0.7462,35.91685781,1.0,53.34186803,1050.5,0.2646143203,0.8288
376,412740,TERRA ROXA,29.78936163,0.7774,64.53195175,1.0,0.0,165.7333333,0.09166915497,0.7214
377,412750,TIBAGI,26.88578834,0.7111,14.1144554,0.749,10.08175386,366.2,0.1011035956,0.7771
378,412760,TIJUCAS DO SUL,20.39064664,0.6606,62.32701179,1.0,27.67811379,203.2,0.1106719368,0.7878
379,412770,TOLEDO,18.96255276,0.8618,95.76760862,1.0,1.003590344,38.28333333,0.007857176066,0.7672
380,412780,TOMAZINA,28.80857432,0.7154,22.54718804,1.0,24.15770148,202.95,0.06119791667,0.8266
381,412785,TRES BARRAS DO PARANA,23.16936352,0.745,23.71551636,1.0,0.0,154.7,3.537456008,0.8551
382,412788,TUNAS DO PARANA,24.46395749,0.6271,24.75982965,0.8618,4.95196593,324.1142857,0.1443089431,0.747
383,412790,TUNEIRAS DO OESTE,32.52255918,0.6906,0.0,1.0,175.1964324,595.86,0.04268719384,0.7165
384,412795,TUPASSI,19.52472647,0.7644,49.40384191,1.0,0.0,158.8666667,0.007559395248,0.5231
385,412796,TURVO,24.94537466,0.7353,22.51669341,0.8459,102.2309643,1435.457143,0.0204813108,0.655
386,412800,UBIRATA,24.49647403,0.8271,7.920261247,0.8813,51.17707267,1078.642857,0.06835983859,0.7698
387,412810,UMUARAMA,36.18240912,0.7867,88.15084969,1.0,161.0149763,587.3,0.00162601626,0.7186
388,412820,UNIAO DA VITORIA,27.75631521,0.7771,144.5485456,1.0,120.6495448,1062.2,0.1286809646,0.7866
389,412830,UNIFLOR,24.0620824,0.6946,129.2758266,1.0,5.720169317,684.0142857,6.135321101,0.8367
390,412840,URAI,23.25677519,0.6996,10.46044999,1.0,0.950949999,1237.514286,0.3668040465,0.9113
391,412850,WENCESLAU BRAZ,23.25152516,0.7715,41.61027443,1.0,26.63633484,255.6,0.01105128932,0.7492
392,412853,VENTANIA,26.87663834,0.6579,46.1054052,1.0,3.748406927,479.2166667,0.292789512,0.7596
393,412855,VERA CRUZ DO OESTE,16.70865217,0.7466,20.13751043,1.0,5.753574408,82.83333333,0.01370645346,0.6258
394,412860,VERE,29.53056149,0.7779,11.58556769,1.0,24.82621648,1006.528571,0.1059210526,0.7255
395,412862,ALTO PARAISO,34.95915562,0.7407,0.0,1.0,119.8561726,585.3571429,0.09362549801,0.808
396,412863,DOUTOR ULYSSES,25.65710258,0.484,0.0,1.0,6.581112208,290.9666667,0.007843137255,0.8215
397,412865,VIRMOND,26.00250235,0.748,31.43081649,1.0,32.14515323,301.6,0.2408963585,0.8462
398,412870,VITORINO,23.50404235,0.7363,54.05175349,1.0,34.04834866,687.7,0.131840796,0.7825
399,412880,XAMBRE,35.6764552,0.6484,36.23621232,1.0,65.70302234,559.4571429,0.02180936995,0.7524
